#
# There is insufficient memory for the Java Runtime Environment to continue.
# Native memory allocation (mmap) failed to map 1121976320 bytes. Error detail: G1 virtual space
# Possible reasons:
#   The system is out of physical RAM or swap space
#   This process is running with CompressedOops enabled, and the Java Heap may be blocking the growth of the native heap
# Possible solutions:
#   Reduce memory load on the system
#   Increase physical memory or swap space
#   Check if swap backing store is full
#   Decrease Java heap size (-Xmx/-Xms)
#   Decrease number of Java threads
#   Decrease Java thread stack sizes (-Xss)
#   Set larger code cache with -XX:ReservedCodeCacheSize=
#   JVM is running with Zero Based Compressed Oops mode in which the Java heap is
#     placed in the first 32GB address space. The Java Heap base address is the
#     maximum limit for the native heap growth. Please use -XX:HeapBaseMinAddress
#     to set the Java Heap base and to place the Java Heap above 32GB virtual address.
# This output file may be truncated or incomplete.
#
#  Out of Memory Error (os_windows.cpp:3714), pid=11096, tid=9472
#
# JRE version: OpenJDK Runtime Environment Temurin-21.0.10+7 (21.0.10+7) (build 21.0.10+7-LTS)
# Java VM: OpenJDK 64-Bit Server VM Temurin-21.0.10+7 (21.0.10+7-LTS, mixed mode, sharing, tiered, compressed oops, compressed class ptrs, g1 gc, windows-amd64)
# No core dump will be written. Minidumps are not enabled by default on client versions of Windows
#

---------------  S U M M A R Y ------------

Command Line: --add-opens=java.base/java.lang=ALL-UNNAMED --add-opens=java.base/java.lang.invoke=ALL-UNNAMED --add-opens=java.base/java.util=ALL-UNNAMED --add-opens=java.prefs/java.util.prefs=ALL-UNNAMED --add-exports=jdk.compiler/com.sun.tools.javac.api=ALL-UNNAMED --add-exports=jdk.compiler/com.sun.tools.javac.util=ALL-UNNAMED --add-opens=java.base/java.util=ALL-UNNAMED --add-opens=java.prefs/java.util.prefs=ALL-UNNAMED --add-opens=java.base/java.nio.charset=ALL-UNNAMED --add-opens=java.base/java.net=ALL-UNNAMED --add-opens=java.base/java.util.concurrent=ALL-UNNAMED --add-opens=java.base/java.util.concurrent.atomic=ALL-UNNAMED --add-opens=java.xml/javax.xml.namespace=ALL-UNNAMED --add-opens=java.base/java.time=ALL-UNNAMED -XX:MaxMetaspaceSize=512m -Xmx4096m -Dfile.encoding=UTF-8 -Duser.country=GB -Duser.language=en -Duser.variant -javaagent:C:\Users\ppmak\.gradle\wrapper\dists\gradle-9.3.1-bin\23ovyewtku6u96viwx3xl3oks\gradle-9.3.1\lib\agents\gradle-instrumentation-agent-9.3.1.jar org.gradle.launcher.daemon.bootstrap.GradleDaemon 9.3.1

Host: Intel(R) Core(TM) i7-1065G7 CPU @ 1.30GHz, 8 cores, 7G,  Windows 11 , 64 bit Build 26100 (10.0.26100.8521)
Time: Wed Jun 24 22:41:30 2026 India Standard Time elapsed time: 1410.596870 seconds (0d 0h 23m 30s)

---------------  T H R E A D  ---------------

Current thread (0x000001b77f5cc890):  VMThread "VM Thread"          [id=9472, stack(0x000000a0c8400000,0x000000a0c8500000) (1024K)]

Stack: [0x000000a0c8400000,0x000000a0c8500000]
Native frames: (J=compiled Java code, j=interpreted, Vv=VM code, C=native code)
V  [jvm.dll+0x6d7a39]
V  [jvm.dll+0x8b4b26]
V  [jvm.dll+0x8b70de]
V  [jvm.dll+0x8b77c3]
V  [jvm.dll+0x284346]
V  [jvm.dll+0x6d4355]
V  [jvm.dll+0x6c808a]
V  [jvm.dll+0x35edb8]
V  [jvm.dll+0x3669f6]
V  [jvm.dll+0x3b7afe]
V  [jvm.dll+0x3b7da8]
V  [jvm.dll+0x332fbc]
V  [jvm.dll+0x333047]
V  [jvm.dll+0x376e1c]
V  [jvm.dll+0x3755be]
V  [jvm.dll+0x332701]
V  [jvm.dll+0x374c2a]
V  [jvm.dll+0x8bd4b0]
V  [jvm.dll+0x8be824]
V  [jvm.dll+0x8bed50]
V  [jvm.dll+0x8beff3]
V  [jvm.dll+0x85f59d]
V  [jvm.dll+0x6d626d]
C  [ucrtbase.dll+0x2cd30]
C  [KERNEL32.DLL+0x2e957]
C  [ntdll.dll+0x87c1c]

VM_Operation (0x000000a0cd4fa300): G1CollectForAllocation, mode: safepoint, requested by thread 0x000001b74b92d0a0


---------------  P R O C E S S  ---------------

Threads class SMR info:
_java_thread_list=0x000001b74a04f4b0, length=145, elements={
0x000001b776892540, 0x000001b77f5ecd60, 0x000001b77f5ed7c0, 0x000001b77f5f06f0,
0x000001b77f5f1280, 0x000001b77f5f2090, 0x000001b77f5f3b00, 0x000001b77f5f69d0,
0x000001b77f602ab0, 0x000001b77f9f1ed0, 0x000001b77facf350, 0x000001b77fa18970,
0x000001b73095f040, 0x000001b7319ac390, 0x000001b7317cd060, 0x000001b7317cc340,
0x000001b7317ce410, 0x000001b7334cbc30, 0x000001b7334ca880, 0x000001b7334ca1f0,
0x000001b7334c87b0, 0x000001b7334c8e40, 0x000001b7334cf0b0, 0x000001b73457f000,
0x000001b7494b8000, 0x000001b730027c40, 0x000001b730029680, 0x000001b749f7eac0,
0x000001b74cbbb900, 0x000001b74cbb9ec0, 0x000001b7494b9a40, 0x000001b7494b6c50,
0x000001b7494b93b0, 0x000001b749f7f150, 0x000001b749f7f7e0, 0x000001b749f80500,
0x000001b749f80b90, 0x000001b749f81220, 0x000001b749e9f420, 0x000001b74cfbe6f0,
0x000001b733f0e280, 0x000001b733f10350, 0x000001b733f0e910, 0x000001b733f0ced0,
0x000001b733f0d560, 0x000001b733f0efa0, 0x000001b733f0f630, 0x000001b74cfbed80,
0x000001b74cfbf410, 0x000001b74a2457c0, 0x000001b74a245130, 0x000001b74a246b70,
0x000001b74a245e50, 0x000001b74a2464e0, 0x000001b74a247200, 0x000001b74a243d80,
0x000001b749e9ccc0, 0x000001b74cbba550, 0x000001b74cbb9830, 0x000001b74cbbb270,
0x000001b74cbbbf90, 0x000001b74cbb8b10, 0x000001b74984fd00, 0x000001b749851dd0,
0x000001b733f0fcc0, 0x000001b735bfc6e0, 0x000001b735bfc050, 0x000001b74b92eae0,
0x000001b74b930520, 0x000001b74b92d0a0, 0x000001b74b92f170, 0x000001b74b92f800,
0x000001b749e9d350, 0x000001b73599e200, 0x000001b73599fc40, 0x000001b73599d4e0,
0x000001b73599db70, 0x000001b73599e890, 0x000001b7494b65c0, 0x000001b74a244aa0,
0x000001b74954c930, 0x000001b74954aef0, 0x000001b749852460, 0x000001b749852af0,
0x000001b74984f670, 0x000001b7494b8690, 0x000001b7494b7970, 0x000001b7494b8d20,
0x000001b739d722e0, 0x000001b74b92ddc0, 0x000001b74b92e450, 0x000001b735bfcd70,
0x000001b74cc7a370, 0x000001b74cc79ce0, 0x000001b74cc7b090, 0x000001b74cc7aa00,
0x000001b74c2280b0, 0x000001b735b75f70, 0x000001b735b76600, 0x000001b735b786d0,
0x000001b735b77320, 0x000001b735b76c90, 0x000001b735b78d60, 0x000001b735b779b0,
0x000001b739c91490, 0x000001b739c90e00, 0x000001b739c93560, 0x000001b739c91b20,
0x000001b739c921b0, 0x000001b739c92840, 0x000001b739c92ed0, 0x000001b739c93bf0,
0x000001b74bc83130, 0x000001b74bc83e50, 0x000001b74bc837c0, 0x000001b739d750d0,
0x000001b739d73000, 0x000001b739d73690, 0x000001b739d71c50, 0x000001b739d73d20,
0x000001b739d743b0, 0x000001b739d74a40, 0x000001b73599f5b0, 0x000001b732b9a0f0,
0x000001b732b9a780, 0x000001b732b9bb30, 0x000001b732b9c1c0, 0x000001b732b9cee0,
0x000001b74aae7dc0, 0x000001b74aae6a10, 0x000001b73457d5c0, 0x000001b734581df0,
0x000001b73457e970, 0x000001b7334cc2c0, 0x000001b7334c94d0, 0x000001b7334ccfe0,
0x000001b74a4f4f50, 0x000001b739d72970, 0x000001b73599c7c0, 0x000001b7494b72e0,
0x000001b74088e010, 0x000001b74088d2f0, 0x000001b7400e2bf0, 0x000001b74af69ae0,
0x000001b74af68d40
}

Java Threads: ( => current thread )
  0x000001b776892540 JavaThread "main"                              [_thread_blocked, id=17596, stack(0x000000a0c7d00000,0x000000a0c7e00000) (1024K)]
  0x000001b77f5ecd60 JavaThread "Reference Handler"          daemon [_thread_blocked, id=20176, stack(0x000000a0c8500000,0x000000a0c8600000) (1024K)]
  0x000001b77f5ed7c0 JavaThread "Finalizer"                  daemon [_thread_blocked, id=20312, stack(0x000000a0c8600000,0x000000a0c8700000) (1024K)]
  0x000001b77f5f06f0 JavaThread "Signal Dispatcher"          daemon [_thread_blocked, id=6116, stack(0x000000a0c8700000,0x000000a0c8800000) (1024K)]
  0x000001b77f5f1280 JavaThread "Attach Listener"            daemon [_thread_blocked, id=13600, stack(0x000000a0c8800000,0x000000a0c8900000) (1024K)]
  0x000001b77f5f2090 JavaThread "Service Thread"             daemon [_thread_blocked, id=4584, stack(0x000000a0c8900000,0x000000a0c8a00000) (1024K)]
  0x000001b77f5f3b00 JavaThread "Monitor Deflation Thread"   daemon [_thread_blocked, id=17856, stack(0x000000a0c8a00000,0x000000a0c8b00000) (1024K)]
  0x000001b77f5f69d0 JavaThread "C2 CompilerThread0"         daemon [_thread_blocked, id=5368, stack(0x000000a0c8b00000,0x000000a0c8c00000) (1024K)]
  0x000001b77f602ab0 JavaThread "C1 CompilerThread0"         daemon [_thread_blocked, id=4580, stack(0x000000a0c8c00000,0x000000a0c8d00000) (1024K)]
  0x000001b77f9f1ed0 JavaThread "Common-Cleaner"             daemon [_thread_blocked, id=20332, stack(0x000000a0c8d00000,0x000000a0c8e00000) (1024K)]
  0x000001b77facf350 JavaThread "Notification Thread"        daemon [_thread_blocked, id=18592, stack(0x000000a0c8e00000,0x000000a0c8f00000) (1024K)]
  0x000001b77fa18970 JavaThread "Daemon health stats"               [_thread_blocked, id=16708, stack(0x000000a0c9400000,0x000000a0c9500000) (1024K)]
  0x000001b73095f040 JavaThread "Incoming local TCP Connector on port 60221"        [_thread_in_native, id=3128, stack(0x000000a0c9300000,0x000000a0c9400000) (1024K)]
  0x000001b7319ac390 JavaThread "Daemon periodic checks"            [_thread_blocked, id=8036, stack(0x000000a0c9800000,0x000000a0c9900000) (1024K)]
  0x000001b7317cd060 JavaThread "Cache worker for journal cache (C:\Users\ppmak\.gradle\caches\journal-1)"        [_thread_blocked, id=6088, stack(0x000000a0ca000000,0x000000a0ca100000) (1024K)]
  0x000001b7317cc340 JavaThread "File lock request listener"        [_thread_blocked, id=8796, stack(0x000000a0ca100000,0x000000a0ca200000) (1024K)]
  0x000001b7317ce410 JavaThread "Cache worker for file hash cache (C:\Users\ppmak\.gradle\caches\9.3.1\fileHashes)"        [_thread_blocked, id=19056, stack(0x000000a0ca300000,0x000000a0ca400000) (1024K)]
  0x000001b7334cbc30 JavaThread "File watcher server"        daemon [_thread_blocked, id=13620, stack(0x000000a0ca700000,0x000000a0ca800000) (1024K)]
  0x000001b7334ca880 JavaThread "File watcher consumer"      daemon [_thread_blocked, id=16620, stack(0x000000a0ca800000,0x000000a0ca900000) (1024K)]
  0x000001b7334ca1f0 JavaThread "jar transforms"                    [_thread_blocked, id=5496, stack(0x000000a0ca900000,0x000000a0caa00000) (1024K)]
  0x000001b7334c87b0 JavaThread "jar transforms Thread 2"           [_thread_blocked, id=9880, stack(0x000000a0caa00000,0x000000a0cab00000) (1024K)]
  0x000001b7334c8e40 JavaThread "Cache worker for file content cache (C:\Users\ppmak\.gradle\caches\9.3.1\fileContent)"        [_thread_blocked, id=14188, stack(0x000000a0cab00000,0x000000a0cac00000) (1024K)]
  0x000001b7334cf0b0 JavaThread "jar transforms Thread 3"           [_thread_blocked, id=18860, stack(0x000000a0cae00000,0x000000a0caf00000) (1024K)]
  0x000001b73457f000 JavaThread "jar transforms Thread 4"           [_thread_blocked, id=11140, stack(0x000000a0cb200000,0x000000a0cb300000) (1024K)]
  0x000001b7494b8000 JavaThread "Memory manager"                    [_thread_blocked, id=4716, stack(0x000000a0ccd00000,0x000000a0cce00000) (1024K)]
  0x000001b730027c40 JavaThread "Daemon Thread 2"                   [_thread_blocked, id=17872, stack(0x000000a0c7a00000,0x000000a0c7b00000) (1024K)]
  0x000001b730029680 JavaThread "Daemon worker Thread 2"            [_thread_blocked, id=19692, stack(0x000000a0c9900000,0x000000a0c9a00000) (1024K)]
  0x000001b749f7eac0 JavaThread "ForkJoinPool.commonPool-worker-6" daemon [_thread_blocked, id=12520, stack(0x000000a0cbf00000,0x000000a0cc000000) (1024K)]
  0x000001b74cbbb900 JavaThread "Handler for socket connection from /127.0.0.1:60221 to /127.0.0.1:57292"        [_thread_in_native, id=21004, stack(0x000000a0c7c00000,0x000000a0c7d00000) (1024K)]
  0x000001b74cbb9ec0 JavaThread "Cancel handler"                    [_thread_blocked, id=21008, stack(0x000000a0c9b00000,0x000000a0c9c00000) (1024K)]
  0x000001b7494b9a40 JavaThread "Asynchronous log dispatcher for DefaultDaemonConnection: socket connection from /127.0.0.1:60221 to /127.0.0.1:57292"        [_thread_blocked, id=21012, stack(0x000000a0c9c00000,0x000000a0c9d00000) (1024K)]
  0x000001b7494b6c50 JavaThread "Stdin handler"                     [_thread_blocked, id=21016, stack(0x000000a0c9d00000,0x000000a0c9e00000) (1024K)]
  0x000001b7494b93b0 JavaThread "Daemon client event forwarder"        [_thread_blocked, id=21020, stack(0x000000a0c9e00000,0x000000a0c9f00000) (1024K)]
  0x000001b749f7f150 JavaThread "Cache worker for file hash cache (C:\Users\ppmak\Downloads\Aura\.gradle\9.3.1\fileHashes)"        [_thread_blocked, id=21028, stack(0x000000a0c9f00000,0x000000a0ca000000) (1024K)]
  0x000001b749f7f7e0 JavaThread "Cache worker for Build Output Cleanup Cache (C:\Users\ppmak\Downloads\Aura\.gradle\buildOutputCleanup)"        [_thread_blocked, id=21032, stack(0x000000a0ca200000,0x000000a0ca300000) (1024K)]
  0x000001b749f80500 JavaThread "Cache worker for checksums cache (C:\Users\ppmak\Downloads\Aura\.gradle\9.3.1\checksums)"        [_thread_blocked, id=21036, stack(0x000000a0ca500000,0x000000a0ca600000) (1024K)]
  0x000001b749f80b90 JavaThread "Cache worker for cache directory md-supplier (C:\Users\ppmak\.gradle\caches\9.3.1\md-supplier)"        [_thread_blocked, id=21040, stack(0x000000a0ca600000,0x000000a0ca700000) (1024K)]
  0x000001b749f81220 JavaThread "Cache worker for cache directory md-rule (C:\Users\ppmak\.gradle\caches\9.3.1\md-rule)"        [_thread_blocked, id=21044, stack(0x000000a0cac00000,0x000000a0cad00000) (1024K)]
  0x000001b749e9f420 JavaThread "Unconstrained build operations"        [_thread_blocked, id=21048, stack(0x000000a0cad00000,0x000000a0cae00000) (1024K)]
  0x000001b74cfbe6f0 JavaThread "Unconstrained build operations Thread 2"        [_thread_blocked, id=21052, stack(0x000000a0caf00000,0x000000a0cb000000) (1024K)]
  0x000001b733f0e280 JavaThread "Unconstrained build operations Thread 3"        [_thread_blocked, id=21092, stack(0x000000a0cb100000,0x000000a0cb200000) (1024K)]
  0x000001b733f10350 JavaThread "Unconstrained build operations Thread 4"        [_thread_blocked, id=21096, stack(0x000000a0cb300000,0x000000a0cb400000) (1024K)]
  0x000001b733f0e910 JavaThread "Unconstrained build operations Thread 5"        [_thread_blocked, id=21100, stack(0x000000a0cb400000,0x000000a0cb500000) (1024K)]
  0x000001b733f0ced0 JavaThread "Unconstrained build operations Thread 6"        [_thread_blocked, id=21104, stack(0x000000a0cb500000,0x000000a0cb600000) (1024K)]
  0x000001b733f0d560 JavaThread "Unconstrained build operations Thread 7"        [_thread_blocked, id=21108, stack(0x000000a0cb600000,0x000000a0cb700000) (1024K)]
  0x000001b733f0efa0 JavaThread "Unconstrained build operations Thread 8"        [_thread_blocked, id=21112, stack(0x000000a0cb700000,0x000000a0cb800000) (1024K)]
  0x000001b733f0f630 JavaThread "Unconstrained build operations Thread 9"        [_thread_blocked, id=21116, stack(0x000000a0cb800000,0x000000a0cb900000) (1024K)]
  0x000001b74cfbed80 JavaThread "Unconstrained build operations Thread 10"        [_thread_blocked, id=21204, stack(0x000000a0cb900000,0x000000a0cba00000) (1024K)]
  0x000001b74cfbf410 JavaThread "Unconstrained build operations Thread 11"        [_thread_blocked, id=21208, stack(0x000000a0cba00000,0x000000a0cbb00000) (1024K)]
  0x000001b74a2457c0 JavaThread "Unconstrained build operations Thread 12"        [_thread_blocked, id=21212, stack(0x000000a0cbb00000,0x000000a0cbc00000) (1024K)]
  0x000001b74a245130 JavaThread "Unconstrained build operations Thread 13"        [_thread_blocked, id=21216, stack(0x000000a0cbc00000,0x000000a0cbd00000) (1024K)]
  0x000001b74a246b70 JavaThread "Unconstrained build operations Thread 14"        [_thread_blocked, id=21220, stack(0x000000a0cbd00000,0x000000a0cbe00000) (1024K)]
  0x000001b74a245e50 JavaThread "Unconstrained build operations Thread 15"        [_thread_blocked, id=21224, stack(0x000000a0cbe00000,0x000000a0cbf00000) (1024K)]
  0x000001b74a2464e0 JavaThread "Unconstrained build operations Thread 16"        [_thread_blocked, id=21228, stack(0x000000a0cc200000,0x000000a0cc300000) (1024K)]
  0x000001b74a247200 JavaThread "Problems report writer"            [_thread_blocked, id=21328, stack(0x000000a0cc300000,0x000000a0cc400000) (1024K)]
  0x000001b74a243d80 JavaThread "build event listener"              [_thread_blocked, id=21388, stack(0x000000a0cc400000,0x000000a0cc500000) (1024K)]
  0x000001b749e9ccc0 JavaThread "included builds"                   [_thread_blocked, id=20720, stack(0x000000a0cc500000,0x000000a0cc600000) (1024K)]
  0x000001b74cbba550 JavaThread "Execution worker"                  [_thread_blocked, id=20624, stack(0x000000a0cc600000,0x000000a0cc700000) (1024K)]
  0x000001b74cbb9830 JavaThread "Execution worker Thread 2"         [_thread_blocked, id=20620, stack(0x000000a0cc700000,0x000000a0cc800000) (1024K)]
  0x000001b74cbbb270 JavaThread "Execution worker Thread 3"         [_thread_blocked, id=20616, stack(0x000000a0cc800000,0x000000a0cc900000) (1024K)]
  0x000001b74cbbbf90 JavaThread "Execution worker Thread 4"         [_thread_blocked, id=20636, stack(0x000000a0cc900000,0x000000a0cca00000) (1024K)]
  0x000001b74cbb8b10 JavaThread "Execution worker Thread 5"         [_thread_blocked, id=20640, stack(0x000000a0cca00000,0x000000a0ccb00000) (1024K)]
  0x000001b74984fd00 JavaThread "Execution worker Thread 6"         [_thread_blocked, id=20644, stack(0x000000a0ccb00000,0x000000a0ccc00000) (1024K)]
  0x000001b749851dd0 JavaThread "Execution worker Thread 7"         [_thread_blocked, id=20648, stack(0x000000a0ccc00000,0x000000a0ccd00000) (1024K)]
  0x000001b733f0fcc0 JavaThread "Cache worker for execution history cache (C:\Users\ppmak\Downloads\Aura\.gradle\9.3.1\executionHistory)"        [_thread_blocked, id=20652, stack(0x000000a0cce00000,0x000000a0ccf00000) (1024K)]
  0x000001b735bfc6e0 JavaThread "Unconstrained build operations Thread 17"        [_thread_blocked, id=14900, stack(0x000000a0cd000000,0x000000a0cd100000) (1024K)]
  0x000001b735bfc050 JavaThread "Unconstrained build operations Thread 18"        [_thread_blocked, id=4248, stack(0x000000a0cd100000,0x000000a0cd200000) (1024K)]
  0x000001b74b92eae0 JavaThread "Unconstrained build operations Thread 19"        [_thread_blocked, id=13004, stack(0x000000a0cd200000,0x000000a0cd300000) (1024K)]
  0x000001b74b930520 JavaThread "Unconstrained build operations Thread 20"        [_thread_blocked, id=5604, stack(0x000000a0cd300000,0x000000a0cd400000) (1024K)]
  0x000001b74b92d0a0 JavaThread "Unconstrained build operations Thread 21"        [_thread_blocked, id=19804, stack(0x000000a0cd400000,0x000000a0cd500000) (1024K)]
  0x000001b74b92f170 JavaThread "Unconstrained build operations Thread 22"        [_thread_blocked, id=16452, stack(0x000000a0cd500000,0x000000a0cd600000) (1024K)]
  0x000001b74b92f800 JavaThread "Unconstrained build operations Thread 23"        [_thread_blocked, id=20856, stack(0x000000a0cd600000,0x000000a0cd700000) (1024K)]
  0x000001b749e9d350 JavaThread "Unconstrained build operations Thread 24"        [_thread_blocked, id=3232, stack(0x000000a0c9a00000,0x000000a0c9b00000) (1024K)]
  0x000001b73599e200 JavaThread "Unconstrained build operations Thread 25"        [_thread_blocked, id=13336, stack(0x000000a0ccf00000,0x000000a0cd000000) (1024K)]
  0x000001b73599fc40 JavaThread "Unconstrained build operations Thread 26"        [_thread_blocked, id=7552, stack(0x000000a0cd800000,0x000000a0cd900000) (1024K)]
  0x000001b73599d4e0 JavaThread "Unconstrained build operations Thread 27"        [_thread_blocked, id=17660, stack(0x000000a0cd900000,0x000000a0cda00000) (1024K)]
  0x000001b73599db70 JavaThread "Unconstrained build operations Thread 28"        [_thread_blocked, id=2496, stack(0x000000a0cda00000,0x000000a0cdb00000) (1024K)]
  0x000001b73599e890 JavaThread "Unconstrained build operations Thread 29"        [_thread_blocked, id=13544, stack(0x000000a0cdb00000,0x000000a0cdc00000) (1024K)]
  0x000001b7494b65c0 JavaThread "Unconstrained build operations Thread 30"        [_thread_blocked, id=15196, stack(0x000000a0cdc00000,0x000000a0cdd00000) (1024K)]
  0x000001b74a244aa0 JavaThread "WorkerExecutor Queue"              [_thread_blocked, id=16012, stack(0x000000a0cdf00000,0x000000a0ce000000) (1024K)]
  0x000001b74954c930 JavaThread "Unconstrained build operations Thread 31"        [_thread_blocked, id=21404, stack(0x000000a0c7b00000,0x000000a0c7c00000) (1024K)]
  0x000001b74954aef0 JavaThread "WorkerExecutor Queue Thread 2"        [_thread_blocked, id=21312, stack(0x000000a0cb000000,0x000000a0cb100000) (1024K)]
  0x000001b749852460 JavaThread "Unconstrained build operations Thread 32"        [_thread_blocked, id=21424, stack(0x000000a0cde00000,0x000000a0cdf00000) (1024K)]
  0x000001b749852af0 JavaThread "Unconstrained build operations Thread 33"        [_thread_blocked, id=18372, stack(0x000000a0ce000000,0x000000a0ce100000) (1024K)]
  0x000001b74984f670 JavaThread "Unconstrained build operations Thread 34"        [_thread_blocked, id=18792, stack(0x000000a0ce200000,0x000000a0ce300000) (1024K)]
  0x000001b7494b8690 JavaThread "Unconstrained build operations Thread 35"        [_thread_blocked, id=18240, stack(0x000000a0ce300000,0x000000a0ce400000) (1024K)]
  0x000001b7494b7970 JavaThread "Unconstrained build operations Thread 36"        [_thread_blocked, id=20548, stack(0x000000a0ce400000,0x000000a0ce500000) (1024K)]
  0x000001b7494b8d20 JavaThread "Unconstrained build operations Thread 37"        [_thread_blocked, id=10332, stack(0x000000a0ce500000,0x000000a0ce600000) (1024K)]
  0x000001b739d722e0 JavaThread "Unconstrained build operations Thread 38"        [_thread_blocked, id=20880, stack(0x000000a0ce600000,0x000000a0ce700000) (1024K)]
  0x000001b74b92ddc0 JavaThread "Unconstrained build operations Thread 39"        [_thread_blocked, id=18328, stack(0x000000a0ce800000,0x000000a0ce900000) (1024K)]
  0x000001b74b92e450 JavaThread "Unconstrained build operations Thread 40"        [_thread_blocked, id=20540, stack(0x000000a0ce900000,0x000000a0cea00000) (1024K)]
  0x000001b735bfcd70 JavaThread "Unconstrained build operations Thread 41"        [_thread_blocked, id=18236, stack(0x000000a0cea00000,0x000000a0ceb00000) (1024K)]
  0x000001b74cc7a370 JavaThread "Unconstrained build operations Thread 42"        [_thread_blocked, id=21400, stack(0x000000a0ceb00000,0x000000a0cec00000) (1024K)]
  0x000001b74cc79ce0 JavaThread "Unconstrained build operations Thread 43"        [_thread_blocked, id=20232, stack(0x000000a0cec00000,0x000000a0ced00000) (1024K)]
  0x000001b74cc7b090 JavaThread "Unconstrained build operations Thread 44"        [_thread_blocked, id=21416, stack(0x000000a0ced00000,0x000000a0cee00000) (1024K)]
  0x000001b74cc7aa00 JavaThread "Unconstrained build operations Thread 45"        [_thread_blocked, id=21072, stack(0x000000a0cee00000,0x000000a0cef00000) (1024K)]
  0x000001b74c2280b0 JavaThread "WorkerExecutor Queue Thread 3"        [_thread_in_native, id=20444, stack(0x000000a0ce100000,0x000000a0ce200000) (1024K)]
  0x000001b735b75f70 JavaThread "Unconstrained build operations Thread 46"        [_thread_blocked, id=20760, stack(0x000000a0ce700000,0x000000a0ce800000) (1024K)]
  0x000001b735b76600 JavaThread "Unconstrained build operations Thread 47"        [_thread_blocked, id=19844, stack(0x000000a0cef00000,0x000000a0cf000000) (1024K)]
  0x000001b735b786d0 JavaThread "Unconstrained build operations Thread 48"        [_thread_blocked, id=18944, stack(0x000000a0cf000000,0x000000a0cf100000) (1024K)]
  0x000001b735b77320 JavaThread "Unconstrained build operations Thread 49"        [_thread_blocked, id=21372, stack(0x000000a0cf100000,0x000000a0cf200000) (1024K)]
  0x000001b735b76c90 JavaThread "Unconstrained build operations Thread 50"        [_thread_blocked, id=13260, stack(0x000000a0cf200000,0x000000a0cf300000) (1024K)]
  0x000001b735b78d60 JavaThread "Unconstrained build operations Thread 51"        [_thread_blocked, id=15424, stack(0x000000a0cf300000,0x000000a0cf400000) (1024K)]
  0x000001b735b779b0 JavaThread "Unconstrained build operations Thread 52"        [_thread_blocked, id=16032, stack(0x000000a0cf400000,0x000000a0cf500000) (1024K)]
  0x000001b739c91490 JavaThread "Unconstrained build operations Thread 53"        [_thread_blocked, id=14092, stack(0x000000a0cf500000,0x000000a0cf600000) (1024K)]
  0x000001b739c90e00 JavaThread "Unconstrained build operations Thread 54"        [_thread_blocked, id=21488, stack(0x000000a0cf600000,0x000000a0cf700000) (1024K)]
  0x000001b739c93560 JavaThread "Unconstrained build operations Thread 55"        [_thread_blocked, id=17692, stack(0x000000a0cf700000,0x000000a0cf800000) (1024K)]
  0x000001b739c91b20 JavaThread "Unconstrained build operations Thread 56"        [_thread_blocked, id=15188, stack(0x000000a0cf800000,0x000000a0cf900000) (1024K)]
  0x000001b739c921b0 JavaThread "Unconstrained build operations Thread 57"        [_thread_blocked, id=20456, stack(0x000000a0cf900000,0x000000a0cfa00000) (1024K)]
  0x000001b739c92840 JavaThread "Unconstrained build operations Thread 58"        [_thread_blocked, id=20924, stack(0x000000a0cfa00000,0x000000a0cfb00000) (1024K)]
  0x000001b739c92ed0 JavaThread "Unconstrained build operations Thread 59"        [_thread_blocked, id=21284, stack(0x000000a0cfb00000,0x000000a0cfc00000) (1024K)]
  0x000001b739c93bf0 JavaThread "Unconstrained build operations Thread 60"        [_thread_blocked, id=21268, stack(0x000000a0cfc00000,0x000000a0cfd00000) (1024K)]
  0x000001b74bc83130 JavaThread "pool-6-thread-1"                   [_thread_blocked, id=13780, stack(0x000000a0cfd00000,0x000000a0cfe00000) (1024K)]
  0x000001b74bc83e50 JavaThread "stderr"                            [_thread_in_native, id=21136, stack(0x000000a0cfe00000,0x000000a0cff00000) (1024K)]
  0x000001b74bc837c0 JavaThread "stdout"                            [_thread_in_native, id=6028, stack(0x000000a0cff00000,0x000000a0d0000000) (1024K)]
  0x000001b739d750d0 JavaThread "Unconstrained build operations Thread 61"        [_thread_blocked, id=2544, stack(0x000000a0d0000000,0x000000a0d0100000) (1024K)]
  0x000001b739d73000 JavaThread "Unconstrained build operations Thread 62"        [_thread_blocked, id=19644, stack(0x000000a0d0100000,0x000000a0d0200000) (1024K)]
  0x000001b739d73690 JavaThread "Unconstrained build operations Thread 63"        [_thread_blocked, id=12264, stack(0x000000a0d0200000,0x000000a0d0300000) (1024K)]
  0x000001b739d71c50 JavaThread "Unconstrained build operations Thread 64"        [_thread_blocked, id=6236, stack(0x000000a0d0300000,0x000000a0d0400000) (1024K)]
  0x000001b739d73d20 JavaThread "Unconstrained build operations Thread 65"        [_thread_blocked, id=1080, stack(0x000000a0d0400000,0x000000a0d0500000) (1024K)]
  0x000001b739d743b0 JavaThread "Unconstrained build operations Thread 66"        [_thread_blocked, id=19436, stack(0x000000a0d0500000,0x000000a0d0600000) (1024K)]
  0x000001b739d74a40 JavaThread "Unconstrained build operations Thread 67"        [_thread_blocked, id=6444, stack(0x000000a0d0600000,0x000000a0d0700000) (1024K)]
  0x000001b73599f5b0 JavaThread "WorkerExecutor Queue Thread 4"        [_thread_blocked, id=15096, stack(0x000000a0d0800000,0x000000a0d0900000) (1024K)]
  0x000001b732b9a0f0 JavaThread "Unconstrained build operations Thread 68"        [_thread_blocked, id=15136, stack(0x000000a0d0900000,0x000000a0d0a00000) (1024K)]
  0x000001b732b9a780 JavaThread "Unconstrained build operations Thread 69"        [_thread_blocked, id=19052, stack(0x000000a0d0a00000,0x000000a0d0b00000) (1024K)]
  0x000001b732b9bb30 JavaThread "Unconstrained build operations Thread 70"        [_thread_blocked, id=19360, stack(0x000000a0d0b00000,0x000000a0d0c00000) (1024K)]
  0x000001b732b9c1c0 JavaThread "Unconstrained build operations Thread 71"        [_thread_blocked, id=2556, stack(0x000000a0d0c00000,0x000000a0d0d00000) (1024K)]
  0x000001b732b9cee0 JavaThread "Unconstrained build operations Thread 72"        [_thread_blocked, id=18716, stack(0x000000a0d0d00000,0x000000a0d0e00000) (1024K)]
  0x000001b74aae7dc0 JavaThread "Unconstrained build operations Thread 73"        [_thread_blocked, id=14644, stack(0x000000a0d0e00000,0x000000a0d0f00000) (1024K)]
  0x000001b74aae6a10 JavaThread "Unconstrained build operations Thread 74"        [_thread_blocked, id=20676, stack(0x000000a0d0f00000,0x000000a0d1000000) (1024K)]
  0x000001b73457d5c0 JavaThread "Unconstrained build operations Thread 75"        [_thread_blocked, id=6400, stack(0x000000a0d1000000,0x000000a0d1100000) (1024K)]
  0x000001b734581df0 JavaThread "Unconstrained build operations Thread 76"        [_thread_blocked, id=4980, stack(0x000000a0d0700000,0x000000a0d0800000) (1024K)]
  0x000001b73457e970 JavaThread "Unconstrained build operations Thread 77"        [_thread_blocked, id=1300, stack(0x000000a0d1100000,0x000000a0d1200000) (1024K)]
  0x000001b7334cc2c0 JavaThread "Unconstrained build operations Thread 78"        [_thread_blocked, id=14184, stack(0x000000a0d1200000,0x000000a0d1300000) (1024K)]
  0x000001b7334c94d0 JavaThread "Unconstrained build operations Thread 79"        [_thread_blocked, id=14672, stack(0x000000a0d1300000,0x000000a0d1400000) (1024K)]
  0x000001b7334ccfe0 JavaThread "Unconstrained build operations Thread 80"        [_thread_blocked, id=11124, stack(0x000000a0d1400000,0x000000a0d1500000) (1024K)]
  0x000001b74a4f4f50 JavaThread "WorkerExecutor Queue Thread 5"        [_thread_blocked, id=17292, stack(0x000000a0d1500000,0x000000a0d1600000) (1024K)]
  0x000001b739d72970 JavaThread "RMI Scheduler(0)"           daemon [_thread_blocked, id=20952, stack(0x000000a0d1700000,0x000000a0d1800000) (1024K)]
  0x000001b73599c7c0 JavaThread "RMI RenewClean-[127.0.0.1:17829,org.jetbrains.kotlin.daemon.common.LoopbackNetworkInterface$ClientLoopbackSocketFactory@3cd4418b]" daemon [_thread_blocked, id=8560, stack(0x000000a0d1800000,0x000000a0d1900000) (1024K)]
  0x000001b7494b72e0 JavaThread "RMI GC Daemon"              daemon [_thread_blocked, id=20980, stack(0x000000a0d1900000,0x000000a0d1a00000) (1024K)]
  0x000001b74088e010 JavaThread "RMI TCP Accept-0"           daemon [_thread_in_native, id=18992, stack(0x000000a0d1b00000,0x000000a0d1c00000) (1024K)]
  0x000001b74088d2f0 JavaThread "RMI Reaper"                        [_thread_blocked, id=16612, stack(0x000000a0d1c00000,0x000000a0d1d00000) (1024K)]
  0x000001b7400e2bf0 JavaThread "RMI TCP Connection(idle)"   daemon [_thread_blocked, id=19780, stack(0x000000a0d1d00000,0x000000a0d1e00000) (1024K)]
  0x000001b74af69ae0 JavaThread "C2 CompilerThread1"         daemon [_thread_blocked, id=18728, stack(0x000000a0cc100000,0x000000a0cc200000) (1024K)]
  0x000001b74af68d40 JavaThread "C2 CompilerThread2"         daemon [_thread_blocked, id=20908, stack(0x000000a0cc000000,0x000000a0cc100000) (1024K)]
Total: 145

Other Threads:
=>0x000001b77f5cc890 VMThread "VM Thread"                           [id=9472, stack(0x000000a0c8400000,0x000000a0c8500000) (1024K)]
  0x000001b77f5ba9a0 WatcherThread "VM Periodic Task Thread"        [id=20032, stack(0x000000a0c8300000,0x000000a0c8400000) (1024K)]
  0x000001b7768fb2b0 WorkerThread "GC Thread#0"                     [id=10812, stack(0x000000a0c7e00000,0x000000a0c7f00000) (1024K)]
  0x000001b77fa35ec0 WorkerThread "GC Thread#1"                     [id=19904, stack(0x000000a0c8f00000,0x000000a0c9000000) (1024K)]
  0x000001b730044eb0 WorkerThread "GC Thread#2"                     [id=10188, stack(0x000000a0c9000000,0x000000a0c9100000) (1024K)]
  0x000001b7309d31b0 WorkerThread "GC Thread#3"                     [id=18168, stack(0x000000a0c9100000,0x000000a0c9200000) (1024K)]
  0x000001b7309c7d70 WorkerThread "GC Thread#4"                     [id=15632, stack(0x000000a0c9200000,0x000000a0c9300000) (1024K)]
  0x000001b77fb6a350 WorkerThread "GC Thread#5"                     [id=20136, stack(0x000000a0c9500000,0x000000a0c9600000) (1024K)]
  0x000001b77fb6aad0 WorkerThread "GC Thread#6"                     [id=10444, stack(0x000000a0c9600000,0x000000a0c9700000) (1024K)]
  0x000001b730bfbb70 WorkerThread "GC Thread#7"                     [id=7588, stack(0x000000a0c9700000,0x000000a0c9800000) (1024K)]
  0x000001b77690d030 ConcurrentGCThread "G1 Main Marker"            [id=2908, stack(0x000000a0c7f00000,0x000000a0c8000000) (1024K)]
  0x000001b77690ea00 WorkerThread "G1 Conc#0"                       [id=4436, stack(0x000000a0c8000000,0x000000a0c8100000) (1024K)]
  0x000001b732495fa0 WorkerThread "G1 Conc#1"                       [id=19024, stack(0x000000a0ca400000,0x000000a0ca500000) (1024K)]
  0x000001b77f484fe0 ConcurrentGCThread "G1 Refine#0"               [id=19092, stack(0x000000a0c8100000,0x000000a0c8200000) (1024K)]
  0x000001b77f485810 ConcurrentGCThread "G1 Service"                [id=7836, stack(0x000000a0c8200000,0x000000a0c8300000) (1024K)]
Total: 15

Threads with active compile tasks:
C2 CompilerThread0  1410709 46096 %     4       com.android.tools.r8.internal.CQ::b @ 1695 (4448 bytes)
C1 CompilerThread0  1410710 46099   !   3       org.gradle.launcher.daemon.server.exec.LogToClient$AsynchronousLogDispatcher::run (62 bytes)
C2 CompilerThread1  1410710 46146       4       com.android.tools.r8.graph.B1::a (30 bytes)
C2 CompilerThread2  1410710 46150 %     4       com.android.tools.r8.internal.vd::a @ 1446 (4363 bytes)
Total: 4

VM state: at safepoint (normal execution)

VM Mutex/Monitor currently owned by a thread:  ([mutex/lock_event])
[0x00007fffde54e560] Threads_lock - owner thread: 0x000001b77f5cc890
[0x00007fffde54e660] Heap_lock - owner thread: 0x000001b74b92d0a0

Heap address: 0x0000000700000000, size: 4096 MB, Compressed Oops mode: Zero based, Oop shift amount: 3

CDS archive(s) mapped at: [0x000001b711000000-0x000001b711ba0000-0x000001b711ba0000), size 12189696, SharedBaseAddress: 0x000001b711000000, ArchiveRelocationMode: 1.
Compressed class space mapped at: 0x000001b712000000-0x000001b72c000000, reserved size: 436207616
Narrow klass base: 0x000001b711000000, Narrow klass shift: 0, Narrow klass range: 0x100000000

GC Precious Log:
 CardTable entry size: 512
 Card Set container configuration: InlinePtr #cards 4 size 8 Array Of Cards #cards 16 size 48 Howl #buckets 8 coarsen threshold 3686 Howl Bitmap #cards 512 size 80 coarsen threshold 460 Card regions per heap region 1 cards per card region 4096
 CPUs: 8 total, 8 available
 Memory: 7879M
 Large Page Support: Disabled
 NUMA Support: Disabled
 Compressed Oops: Enabled (Zero based)
 Heap Region Size: 2M
 Heap Min Capacity: 8M
 Heap Initial Capacity: 124M
 Heap Max Capacity: 4G
 Pre-touch: Disabled
 Parallel Workers: 8
 Concurrent Workers: 2
 Concurrent Refinement Workers: 8
 Periodic GC: Disabled

Heap:
 garbage-first heap   total 1308672K, used 348552K [0x0000000700000000, 0x0000000800000000)
  region size 2048K, 3 young (6144K), 3 survivors (6144K)
 Metaspace       used 235049K, committed 238016K, reserved 688128K
  class space    used 30140K, committed 31616K, reserved 425984K

Heap Regions: E=young(eden), S=young(survivor), O=old, HS=humongous(starts), HC=humongous(continues), CS=collection set, F=free, TAMS=top-at-mark-start, PB=parsable bottom
|   0|0x0000000700000000, 0x0000000700200000, 0x0000000700200000|100%|HS|  |TAMS 0x0000000700200000| PB 0x0000000700000000| Complete 
|   1|0x0000000700200000, 0x0000000700400000, 0x0000000700400000|100%|HC|  |TAMS 0x0000000700400000| PB 0x0000000700200000| Complete 
|   2|0x0000000700400000, 0x0000000700600000, 0x0000000700600000|100%| O|  |TAMS 0x0000000700600000| PB 0x0000000700400000| Untracked 
|   3|0x0000000700600000, 0x0000000700800000, 0x0000000700800000|100%| O|  |TAMS 0x0000000700800000| PB 0x0000000700600000| Untracked 
|   4|0x0000000700800000, 0x0000000700a00000, 0x0000000700a00000|100%| O|  |TAMS 0x0000000700a00000| PB 0x0000000700800000| Untracked 
|   5|0x0000000700a00000, 0x0000000700c00000, 0x0000000700c00000|100%| O|  |TAMS 0x0000000700c00000| PB 0x0000000700a00000| Untracked 
|   6|0x0000000700c00000, 0x0000000700e00000, 0x0000000700e00000|100%| O|  |TAMS 0x0000000700e00000| PB 0x0000000700c00000| Untracked 
|   7|0x0000000700e00000, 0x0000000701000000, 0x0000000701000000|100%| O|  |TAMS 0x0000000701000000| PB 0x0000000700e00000| Untracked 
|   8|0x0000000701000000, 0x0000000701200000, 0x0000000701200000|100%| O|  |TAMS 0x0000000701200000| PB 0x0000000701000000| Untracked 
|   9|0x0000000701200000, 0x0000000701400000, 0x0000000701400000|100%| O|  |TAMS 0x0000000701400000| PB 0x0000000701200000| Untracked 
|  10|0x0000000701400000, 0x0000000701600000, 0x0000000701600000|100%| O|  |TAMS 0x0000000701600000| PB 0x0000000701400000| Untracked 
|  11|0x0000000701600000, 0x0000000701800000, 0x0000000701800000|100%| O|  |TAMS 0x0000000701800000| PB 0x0000000701600000| Untracked 
|  12|0x0000000701800000, 0x0000000701a00000, 0x0000000701a00000|100%| O|  |TAMS 0x0000000701a00000| PB 0x0000000701800000| Untracked 
|  13|0x0000000701a00000, 0x0000000701c00000, 0x0000000701c00000|100%| O|  |TAMS 0x0000000701c00000| PB 0x0000000701a00000| Untracked 
|  14|0x0000000701c00000, 0x0000000701e00000, 0x0000000701e00000|100%| O|  |TAMS 0x0000000701e00000| PB 0x0000000701c00000| Untracked 
|  15|0x0000000701e00000, 0x0000000702000000, 0x0000000702000000|100%| O|  |TAMS 0x0000000702000000| PB 0x0000000701e00000| Untracked 
|  16|0x0000000702000000, 0x0000000702200000, 0x0000000702200000|100%| O|  |TAMS 0x0000000702200000| PB 0x0000000702000000| Untracked 
|  17|0x0000000702200000, 0x0000000702400000, 0x0000000702400000|100%| O|  |TAMS 0x0000000702400000| PB 0x0000000702200000| Untracked 
|  18|0x0000000702400000, 0x0000000702600000, 0x0000000702600000|100%| O|  |TAMS 0x0000000702600000| PB 0x0000000702400000| Untracked 
|  19|0x0000000702600000, 0x0000000702800000, 0x0000000702800000|100%| O|  |TAMS 0x0000000702800000| PB 0x0000000702600000| Untracked 
|  20|0x0000000702800000, 0x0000000702a00000, 0x0000000702a00000|100%| O|  |TAMS 0x0000000702a00000| PB 0x0000000702800000| Untracked 
|  21|0x0000000702a00000, 0x0000000702c00000, 0x0000000702c00000|100%| O|  |TAMS 0x0000000702c00000| PB 0x0000000702a00000| Untracked 
|  22|0x0000000702c00000, 0x0000000702e00000, 0x0000000702e00000|100%| O|  |TAMS 0x0000000702e00000| PB 0x0000000702c00000| Untracked 
|  23|0x0000000702e00000, 0x0000000703000000, 0x0000000703000000|100%| O|  |TAMS 0x0000000703000000| PB 0x0000000702e00000| Untracked 
|  24|0x0000000703000000, 0x0000000703200000, 0x0000000703200000|100%| O|  |TAMS 0x0000000703200000| PB 0x0000000703000000| Untracked 
|  25|0x0000000703200000, 0x0000000703400000, 0x0000000703400000|100%| O|  |TAMS 0x0000000703400000| PB 0x0000000703200000| Untracked 
|  26|0x0000000703400000, 0x00000007035f0a00, 0x0000000703600000| 96%| O|  |TAMS 0x00000007035f0a00| PB 0x0000000703400000| Untracked 
|  27|0x0000000703600000, 0x0000000703800000, 0x0000000703800000|100%| O|  |TAMS 0x0000000703800000| PB 0x0000000703600000| Untracked 
|  28|0x0000000703800000, 0x0000000703a00000, 0x0000000703a00000|100%| O|  |TAMS 0x0000000703a00000| PB 0x0000000703800000| Untracked 
|  29|0x0000000703a00000, 0x0000000703c00000, 0x0000000703c00000|100%| O|  |TAMS 0x0000000703c00000| PB 0x0000000703a00000| Untracked 
|  30|0x0000000703c00000, 0x0000000703e00000, 0x0000000703e00000|100%| O|  |TAMS 0x0000000703e00000| PB 0x0000000703c00000| Untracked 
|  31|0x0000000703e00000, 0x0000000704000000, 0x0000000704000000|100%| O|  |TAMS 0x0000000704000000| PB 0x0000000703e00000| Untracked 
|  32|0x0000000704000000, 0x0000000704200000, 0x0000000704200000|100%| O|  |TAMS 0x0000000704200000| PB 0x0000000704000000| Untracked 
|  33|0x0000000704200000, 0x0000000704400000, 0x0000000704400000|100%| O|  |TAMS 0x0000000704400000| PB 0x0000000704200000| Untracked 
|  34|0x0000000704400000, 0x0000000704600000, 0x0000000704600000|100%| O|  |TAMS 0x0000000704600000| PB 0x0000000704400000| Untracked 
|  35|0x0000000704600000, 0x0000000704800000, 0x0000000704800000|100%| O|  |TAMS 0x0000000704800000| PB 0x0000000704600000| Untracked 
|  36|0x0000000704800000, 0x0000000704a00000, 0x0000000704a00000|100%| O|  |TAMS 0x0000000704a00000| PB 0x0000000704800000| Untracked 
|  37|0x0000000704a00000, 0x0000000704c00000, 0x0000000704c00000|100%| O|  |TAMS 0x0000000704c00000| PB 0x0000000704a00000| Untracked 
|  38|0x0000000704c00000, 0x0000000704e00000, 0x0000000704e00000|100%| O|  |TAMS 0x0000000704e00000| PB 0x0000000704c00000| Untracked 
|  39|0x0000000704e00000, 0x0000000705000000, 0x0000000705000000|100%| O|  |TAMS 0x0000000705000000| PB 0x0000000704e00000| Untracked 
|  40|0x0000000705000000, 0x0000000705200000, 0x0000000705200000|100%| O|  |TAMS 0x0000000705200000| PB 0x0000000705000000| Untracked 
|  41|0x0000000705200000, 0x0000000705400000, 0x0000000705400000|100%| O|  |TAMS 0x0000000705400000| PB 0x0000000705200000| Untracked 
|  42|0x0000000705400000, 0x0000000705600000, 0x0000000705600000|100%| O|  |TAMS 0x0000000705600000| PB 0x0000000705400000| Untracked 
|  43|0x0000000705600000, 0x0000000705800000, 0x0000000705800000|100%| O|  |TAMS 0x0000000705800000| PB 0x0000000705600000| Untracked 
|  44|0x0000000705800000, 0x0000000705a00000, 0x0000000705a00000|100%| O|  |TAMS 0x0000000705a00000| PB 0x0000000705800000| Untracked 
|  45|0x0000000705a00000, 0x0000000705c00000, 0x0000000705c00000|100%| O|  |TAMS 0x0000000705c00000| PB 0x0000000705a00000| Untracked 
|  46|0x0000000705c00000, 0x0000000705e00000, 0x0000000705e00000|100%| O|  |TAMS 0x0000000705e00000| PB 0x0000000705c00000| Untracked 
|  47|0x0000000705e00000, 0x0000000706000000, 0x0000000706000000|100%| O|  |TAMS 0x0000000706000000| PB 0x0000000705e00000| Untracked 
|  48|0x0000000706000000, 0x0000000706200000, 0x0000000706200000|100%| O|  |TAMS 0x0000000706200000| PB 0x0000000706000000| Untracked 
|  49|0x0000000706200000, 0x0000000706400000, 0x0000000706400000|100%| O|  |TAMS 0x0000000706200000| PB 0x0000000706200000| Untracked 
|  50|0x0000000706400000, 0x0000000706600000, 0x0000000706600000|100%| O|  |TAMS 0x0000000706600000| PB 0x0000000706400000| Untracked 
|  51|0x0000000706600000, 0x0000000706800000, 0x0000000706800000|100%| O|  |TAMS 0x0000000706800000| PB 0x0000000706600000| Untracked 
|  52|0x0000000706800000, 0x0000000706a00000, 0x0000000706a00000|100%| O|  |TAMS 0x0000000706a00000| PB 0x0000000706800000| Untracked 
|  53|0x0000000706a00000, 0x0000000706c00000, 0x0000000706c00000|100%| O|  |TAMS 0x0000000706c00000| PB 0x0000000706a00000| Untracked 
|  54|0x0000000706c00000, 0x0000000706e00000, 0x0000000706e00000|100%| O|  |TAMS 0x0000000706e00000| PB 0x0000000706c00000| Untracked 
|  55|0x0000000706e00000, 0x0000000707000000, 0x0000000707000000|100%| O|  |TAMS 0x0000000707000000| PB 0x0000000706e00000| Untracked 
|  56|0x0000000707000000, 0x0000000707200000, 0x0000000707200000|100%| O|  |TAMS 0x0000000707200000| PB 0x0000000707000000| Untracked 
|  57|0x0000000707200000, 0x0000000707400000, 0x0000000707400000|100%| O|  |TAMS 0x0000000707400000| PB 0x0000000707200000| Untracked 
|  58|0x0000000707400000, 0x0000000707600000, 0x0000000707600000|100%| O|  |TAMS 0x0000000707600000| PB 0x0000000707400000| Untracked 
|  59|0x0000000707600000, 0x0000000707800000, 0x0000000707800000|100%| O|  |TAMS 0x0000000707800000| PB 0x0000000707600000| Untracked 
|  60|0x0000000707800000, 0x0000000707a00000, 0x0000000707a00000|100%| O|  |TAMS 0x0000000707a00000| PB 0x0000000707800000| Untracked 
|  61|0x0000000707a00000, 0x0000000707c00000, 0x0000000707c00000|100%| O|  |TAMS 0x0000000707c00000| PB 0x0000000707a00000| Untracked 
|  62|0x0000000707c00000, 0x0000000707e00000, 0x0000000707e00000|100%| O|  |TAMS 0x0000000707e00000| PB 0x0000000707c00000| Untracked 
|  63|0x0000000707e00000, 0x0000000708000000, 0x0000000708000000|100%| O|  |TAMS 0x0000000708000000| PB 0x0000000707e00000| Untracked 
|  64|0x0000000708000000, 0x0000000708200000, 0x0000000708200000|100%|HS|  |TAMS 0x0000000708200000| PB 0x0000000708000000| Complete 
|  65|0x0000000708200000, 0x0000000708400000, 0x0000000708400000|100%|HS|  |TAMS 0x0000000708400000| PB 0x0000000708200000| Complete 
|  66|0x0000000708400000, 0x0000000708600000, 0x0000000708600000|100%|HS|  |TAMS 0x0000000708600000| PB 0x0000000708400000| Complete 
|  67|0x0000000708600000, 0x0000000708800000, 0x0000000708800000|100%|HC|  |TAMS 0x0000000708800000| PB 0x0000000708600000| Complete 
|  68|0x0000000708800000, 0x0000000708a00000, 0x0000000708a00000|100%| O|  |TAMS 0x0000000708800000| PB 0x0000000708800000| Untracked 
|  69|0x0000000708a00000, 0x0000000708c00000, 0x0000000708c00000|100%| O|  |TAMS 0x0000000708c00000| PB 0x0000000708a00000| Untracked 
|  70|0x0000000708c00000, 0x0000000708e00000, 0x0000000708e00000|100%| O|  |TAMS 0x0000000708e00000| PB 0x0000000708c00000| Untracked 
|  71|0x0000000708e00000, 0x0000000709000000, 0x0000000709000000|100%| O|  |TAMS 0x0000000708e00000| PB 0x0000000708e00000| Untracked 
|  72|0x0000000709000000, 0x0000000709200000, 0x0000000709200000|100%| O|  |TAMS 0x0000000709200000| PB 0x0000000709000000| Untracked 
|  73|0x0000000709200000, 0x0000000709400000, 0x0000000709400000|100%| O|  |TAMS 0x0000000709400000| PB 0x0000000709200000| Untracked 
|  74|0x0000000709400000, 0x0000000709600000, 0x0000000709600000|100%| O|  |TAMS 0x0000000709600000| PB 0x0000000709400000| Untracked 
|  75|0x0000000709600000, 0x0000000709800000, 0x0000000709800000|100%| O|  |TAMS 0x0000000709800000| PB 0x0000000709600000| Untracked 
|  76|0x0000000709800000, 0x0000000709a00000, 0x0000000709a00000|100%| O|  |TAMS 0x0000000709a00000| PB 0x0000000709800000| Untracked 
|  77|0x0000000709a00000, 0x0000000709c00000, 0x0000000709c00000|100%| O|  |TAMS 0x0000000709c00000| PB 0x0000000709a00000| Untracked 
|  78|0x0000000709c00000, 0x0000000709e00000, 0x0000000709e00000|100%| O|  |TAMS 0x0000000709e00000| PB 0x0000000709c00000| Untracked 
|  79|0x0000000709e00000, 0x000000070a000000, 0x000000070a000000|100%| O|  |TAMS 0x000000070a000000| PB 0x0000000709e00000| Untracked 
|  80|0x000000070a000000, 0x000000070a200000, 0x000000070a200000|100%| O|  |TAMS 0x000000070a200000| PB 0x000000070a000000| Untracked 
|  81|0x000000070a200000, 0x000000070a400000, 0x000000070a400000|100%| O|  |TAMS 0x000000070a400000| PB 0x000000070a200000| Untracked 
|  82|0x000000070a400000, 0x000000070a600000, 0x000000070a600000|100%| O|  |TAMS 0x000000070a600000| PB 0x000000070a400000| Untracked 
|  83|0x000000070a600000, 0x000000070a800000, 0x000000070a800000|100%| O|  |TAMS 0x000000070a800000| PB 0x000000070a600000| Untracked 
|  84|0x000000070a800000, 0x000000070aa00000, 0x000000070aa00000|100%| O|  |TAMS 0x000000070aa00000| PB 0x000000070a800000| Untracked 
|  85|0x000000070aa00000, 0x000000070ac00000, 0x000000070ac00000|100%| O|  |TAMS 0x000000070ac00000| PB 0x000000070aa00000| Untracked 
|  86|0x000000070ac00000, 0x000000070ae00000, 0x000000070ae00000|100%|HS|  |TAMS 0x000000070ae00000| PB 0x000000070ac00000| Complete 
|  87|0x000000070ae00000, 0x000000070b000000, 0x000000070b000000|100%|HC|  |TAMS 0x000000070b000000| PB 0x000000070ae00000| Complete 
|  88|0x000000070b000000, 0x000000070b200000, 0x000000070b200000|100%| O|  |TAMS 0x000000070b200000| PB 0x000000070b000000| Untracked 
|  89|0x000000070b200000, 0x000000070b400000, 0x000000070b400000|100%| O|  |TAMS 0x000000070b400000| PB 0x000000070b200000| Untracked 
|  90|0x000000070b400000, 0x000000070b600000, 0x000000070b600000|100%| O|  |TAMS 0x000000070b600000| PB 0x000000070b400000| Untracked 
|  91|0x000000070b600000, 0x000000070b800000, 0x000000070b800000|100%| O|  |TAMS 0x000000070b800000| PB 0x000000070b600000| Untracked 
|  92|0x000000070b800000, 0x000000070ba00000, 0x000000070ba00000|100%| O|  |TAMS 0x000000070ba00000| PB 0x000000070b800000| Untracked 
|  93|0x000000070ba00000, 0x000000070bc00000, 0x000000070bc00000|100%| O|  |TAMS 0x000000070bc00000| PB 0x000000070ba00000| Untracked 
|  94|0x000000070bc00000, 0x000000070be00000, 0x000000070be00000|100%| O|  |TAMS 0x000000070be00000| PB 0x000000070bc00000| Untracked 
|  95|0x000000070be00000, 0x000000070c000000, 0x000000070c000000|100%| O|  |TAMS 0x000000070c000000| PB 0x000000070be00000| Untracked 
|  96|0x000000070c000000, 0x000000070c200000, 0x000000070c200000|100%| O|  |TAMS 0x000000070c200000| PB 0x000000070c000000| Untracked 
|  97|0x000000070c200000, 0x000000070c400000, 0x000000070c400000|100%| O|  |TAMS 0x000000070c400000| PB 0x000000070c200000| Untracked 
|  98|0x000000070c400000, 0x000000070c600000, 0x000000070c600000|100%| O|  |TAMS 0x000000070c600000| PB 0x000000070c400000| Untracked 
|  99|0x000000070c600000, 0x000000070c800000, 0x000000070c800000|100%| O|  |TAMS 0x000000070c800000| PB 0x000000070c600000| Untracked 
| 100|0x000000070c800000, 0x000000070ca00000, 0x000000070ca00000|100%| O|  |TAMS 0x000000070ca00000| PB 0x000000070c800000| Untracked 
| 101|0x000000070ca00000, 0x000000070cc00000, 0x000000070cc00000|100%| O|  |TAMS 0x000000070cc00000| PB 0x000000070ca00000| Untracked 
| 102|0x000000070cc00000, 0x000000070ce00000, 0x000000070ce00000|100%| O|  |TAMS 0x000000070ce00000| PB 0x000000070cc00000| Untracked 
| 103|0x000000070ce00000, 0x000000070d000000, 0x000000070d000000|100%| O|  |TAMS 0x000000070d000000| PB 0x000000070ce00000| Untracked 
| 104|0x000000070d000000, 0x000000070d200000, 0x000000070d200000|100%| O|  |TAMS 0x000000070d200000| PB 0x000000070d000000| Untracked 
| 105|0x000000070d200000, 0x000000070d400000, 0x000000070d400000|100%| O|  |TAMS 0x000000070d400000| PB 0x000000070d200000| Untracked 
| 106|0x000000070d400000, 0x000000070d600000, 0x000000070d600000|100%| O|  |TAMS 0x000000070d600000| PB 0x000000070d400000| Untracked 
| 107|0x000000070d600000, 0x000000070d800000, 0x000000070d800000|100%| O|  |TAMS 0x000000070d600000| PB 0x000000070d600000| Untracked 
| 108|0x000000070d800000, 0x000000070da00000, 0x000000070da00000|100%| O|  |TAMS 0x000000070da00000| PB 0x000000070d800000| Untracked 
| 109|0x000000070da00000, 0x000000070dc00000, 0x000000070dc00000|100%| O|  |TAMS 0x000000070dc00000| PB 0x000000070da00000| Untracked 
| 110|0x000000070dc00000, 0x000000070de00000, 0x000000070de00000|100%| O|  |TAMS 0x000000070dc00000| PB 0x000000070dc00000| Untracked 
| 111|0x000000070de00000, 0x000000070e000000, 0x000000070e000000|100%| O|  |TAMS 0x000000070e000000| PB 0x000000070de00000| Untracked 
| 112|0x000000070e000000, 0x000000070e200000, 0x000000070e200000|100%| O|  |TAMS 0x000000070e200000| PB 0x000000070e000000| Untracked 
| 113|0x000000070e200000, 0x000000070e400000, 0x000000070e400000|100%| O|  |TAMS 0x000000070e400000| PB 0x000000070e200000| Untracked 
| 114|0x000000070e400000, 0x000000070e600000, 0x000000070e600000|100%| O|  |TAMS 0x000000070e600000| PB 0x000000070e400000| Untracked 
| 115|0x000000070e600000, 0x000000070e800000, 0x000000070e800000|100%| O|  |TAMS 0x000000070e800000| PB 0x000000070e600000| Untracked 
| 116|0x000000070e800000, 0x000000070ea00000, 0x000000070ea00000|100%| O|  |TAMS 0x000000070ea00000| PB 0x000000070e800000| Untracked 
| 117|0x000000070ea00000, 0x000000070ec00000, 0x000000070ec00000|100%| O|  |TAMS 0x000000070ec00000| PB 0x000000070ea00000| Untracked 
| 118|0x000000070ec00000, 0x000000070ee00000, 0x000000070ee00000|100%| O|  |TAMS 0x000000070ee00000| PB 0x000000070ec00000| Untracked 
| 119|0x000000070ee00000, 0x000000070f000000, 0x000000070f000000|100%| O|  |TAMS 0x000000070f000000| PB 0x000000070ee00000| Untracked 
| 120|0x000000070f000000, 0x000000070f200000, 0x000000070f200000|100%| O|  |TAMS 0x000000070f200000| PB 0x000000070f000000| Untracked 
| 121|0x000000070f200000, 0x000000070f400000, 0x000000070f400000|100%| O|  |TAMS 0x000000070f400000| PB 0x000000070f200000| Untracked 
| 122|0x000000070f400000, 0x000000070f600000, 0x000000070f600000|100%| O|  |TAMS 0x000000070f600000| PB 0x000000070f400000| Untracked 
| 123|0x000000070f600000, 0x000000070f800000, 0x000000070f800000|100%| O|  |TAMS 0x000000070f800000| PB 0x000000070f600000| Untracked 
| 124|0x000000070f800000, 0x000000070fa00000, 0x000000070fa00000|100%| O|  |TAMS 0x000000070fa00000| PB 0x000000070f800000| Untracked 
| 125|0x000000070fa00000, 0x000000070fc00000, 0x000000070fc00000|100%| O|  |TAMS 0x000000070fc00000| PB 0x000000070fa00000| Untracked 
| 126|0x000000070fc00000, 0x000000070fe00000, 0x000000070fe00000|100%| O|  |TAMS 0x000000070fe00000| PB 0x000000070fc00000| Untracked 
| 127|0x000000070fe00000, 0x0000000710000000, 0x0000000710000000|100%| O|  |TAMS 0x0000000710000000| PB 0x000000070fe00000| Untracked 
| 128|0x0000000710000000, 0x0000000710200000, 0x0000000710200000|100%| O|  |TAMS 0x0000000710200000| PB 0x0000000710000000| Untracked 
| 129|0x0000000710200000, 0x0000000710400000, 0x0000000710400000|100%| O|  |TAMS 0x0000000710400000| PB 0x0000000710200000| Untracked 
| 130|0x0000000710400000, 0x0000000710600000, 0x0000000710600000|100%| O|  |TAMS 0x0000000710600000| PB 0x0000000710400000| Untracked 
| 131|0x0000000710600000, 0x0000000710800000, 0x0000000710800000|100%| O|  |TAMS 0x0000000710800000| PB 0x0000000710600000| Untracked 
| 132|0x0000000710800000, 0x0000000710a00000, 0x0000000710a00000|100%| O|  |TAMS 0x0000000710a00000| PB 0x0000000710800000| Untracked 
| 133|0x0000000710a00000, 0x0000000710c00000, 0x0000000710c00000|100%| O|  |TAMS 0x0000000710c00000| PB 0x0000000710a00000| Untracked 
| 134|0x0000000710c00000, 0x0000000710e00000, 0x0000000710e00000|100%| O|  |TAMS 0x0000000710e00000| PB 0x0000000710c00000| Untracked 
| 135|0x0000000710e00000, 0x0000000711000000, 0x0000000711000000|100%| O|  |TAMS 0x0000000711000000| PB 0x0000000710e00000| Untracked 
| 136|0x0000000711000000, 0x0000000711200000, 0x0000000711200000|100%| O|  |TAMS 0x0000000711200000| PB 0x0000000711000000| Untracked 
| 137|0x0000000711200000, 0x0000000711400000, 0x0000000711400000|100%| O|  |TAMS 0x0000000711400000| PB 0x0000000711200000| Untracked 
| 138|0x0000000711400000, 0x0000000711600000, 0x0000000711600000|100%| O|  |TAMS 0x0000000711600000| PB 0x0000000711400000| Untracked 
| 139|0x0000000711600000, 0x0000000711800000, 0x0000000711800000|100%| O|  |TAMS 0x0000000711800000| PB 0x0000000711600000| Untracked 
| 140|0x0000000711800000, 0x0000000711a00000, 0x0000000711a00000|100%| O|  |TAMS 0x0000000711800000| PB 0x0000000711800000| Untracked 
| 141|0x0000000711a00000, 0x0000000711c00000, 0x0000000711c00000|100%| O|  |TAMS 0x0000000711c00000| PB 0x0000000711a00000| Untracked 
| 142|0x0000000711c00000, 0x0000000711e00000, 0x0000000711e00000|100%| O|  |TAMS 0x0000000711e00000| PB 0x0000000711c00000| Untracked 
| 143|0x0000000711e00000, 0x0000000712000000, 0x0000000712000000|100%| O|  |TAMS 0x0000000712000000| PB 0x0000000711e00000| Untracked 
| 144|0x0000000712000000, 0x0000000712200000, 0x0000000712200000|100%| O|  |TAMS 0x0000000712000000| PB 0x0000000712000000| Untracked 
| 145|0x0000000712200000, 0x0000000712400000, 0x0000000712400000|100%| O|  |TAMS 0x0000000712400000| PB 0x0000000712200000| Untracked 
| 146|0x0000000712400000, 0x0000000712600000, 0x0000000712600000|100%| O|  |TAMS 0x0000000712600000| PB 0x0000000712400000| Untracked 
| 147|0x0000000712600000, 0x0000000712800000, 0x0000000712800000|100%| O|  |TAMS 0x00000007126e1c00| PB 0x0000000712600000| Untracked 
| 148|0x0000000712800000, 0x0000000712a00000, 0x0000000712a00000|100%| O|  |TAMS 0x0000000712a00000| PB 0x0000000712800000| Untracked 
| 149|0x0000000712a00000, 0x0000000712c00000, 0x0000000712c00000|100%| O|  |TAMS 0x0000000712a00000| PB 0x0000000712a00000| Untracked 
| 150|0x0000000712c00000, 0x0000000712e00000, 0x0000000712e00000|100%| O|  |TAMS 0x0000000712e00000| PB 0x0000000712c00000| Untracked 
| 151|0x0000000712e00000, 0x0000000713000000, 0x0000000713000000|100%| O|  |TAMS 0x0000000713000000| PB 0x0000000712e00000| Untracked 
| 152|0x0000000713000000, 0x0000000713200000, 0x0000000713200000|100%| O|  |TAMS 0x0000000713000000| PB 0x0000000713000000| Untracked 
| 153|0x0000000713200000, 0x0000000713400000, 0x0000000713400000|100%| O|  |TAMS 0x0000000713200000| PB 0x0000000713200000| Untracked 
| 154|0x0000000713400000, 0x0000000713600000, 0x0000000713600000|100%| O|  |TAMS 0x0000000713400000| PB 0x0000000713400000| Untracked 
| 155|0x0000000713600000, 0x0000000713800000, 0x0000000713800000|100%| O|  |TAMS 0x0000000713600000| PB 0x0000000713600000| Untracked 
| 156|0x0000000713800000, 0x0000000713a00000, 0x0000000713a00000|100%| O|  |TAMS 0x0000000713800000| PB 0x0000000713800000| Untracked 
| 157|0x0000000713a00000, 0x0000000713bc8708, 0x0000000713c00000| 89%| O|  |TAMS 0x0000000713a00000| PB 0x0000000713a00000| Untracked 
| 158|0x0000000713c00000, 0x0000000713c00000, 0x0000000713e00000|  0%| F|  |TAMS 0x0000000713c00000| PB 0x0000000713c00000| Untracked 
| 159|0x0000000713e00000, 0x0000000713e00000, 0x0000000714000000|  0%| F|  |TAMS 0x0000000713e00000| PB 0x0000000713e00000| Untracked 
| 160|0x0000000714000000, 0x0000000714000000, 0x0000000714200000|  0%| F|  |TAMS 0x0000000714000000| PB 0x0000000714000000| Untracked 
| 161|0x0000000714200000, 0x0000000714200000, 0x0000000714400000|  0%| F|  |TAMS 0x0000000714200000| PB 0x0000000714200000| Untracked 
| 162|0x0000000714400000, 0x0000000714400000, 0x0000000714600000|  0%| F|  |TAMS 0x0000000714400000| PB 0x0000000714400000| Untracked 
| 163|0x0000000714600000, 0x0000000714600000, 0x0000000714800000|  0%| F|  |TAMS 0x0000000714600000| PB 0x0000000714600000| Untracked 
| 164|0x0000000714800000, 0x0000000714800000, 0x0000000714a00000|  0%| F|  |TAMS 0x0000000714800000| PB 0x0000000714800000| Untracked 
| 165|0x0000000714a00000, 0x0000000714a00000, 0x0000000714c00000|  0%| F|  |TAMS 0x0000000714a00000| PB 0x0000000714a00000| Untracked 
| 166|0x0000000714c00000, 0x0000000714c00000, 0x0000000714e00000|  0%| F|  |TAMS 0x0000000714c00000| PB 0x0000000714c00000| Untracked 
| 167|0x0000000714e00000, 0x0000000714e00000, 0x0000000715000000|  0%| F|  |TAMS 0x0000000714e00000| PB 0x0000000714e00000| Untracked 
| 168|0x0000000715000000, 0x0000000715000000, 0x0000000715200000|  0%| F|  |TAMS 0x0000000715000000| PB 0x0000000715000000| Untracked 
| 169|0x0000000715200000, 0x0000000715200000, 0x0000000715400000|  0%| F|  |TAMS 0x0000000715200000| PB 0x0000000715200000| Untracked 
| 170|0x0000000715400000, 0x0000000715400000, 0x0000000715600000|  0%| F|  |TAMS 0x0000000715400000| PB 0x0000000715400000| Untracked 
| 171|0x0000000715600000, 0x0000000715600000, 0x0000000715800000|  0%| F|  |TAMS 0x0000000715600000| PB 0x0000000715600000| Untracked 
| 172|0x0000000715800000, 0x0000000715800000, 0x0000000715a00000|  0%| F|  |TAMS 0x0000000715800000| PB 0x0000000715800000| Untracked 
| 173|0x0000000715a00000, 0x0000000715a00000, 0x0000000715c00000|  0%| F|  |TAMS 0x0000000715a00000| PB 0x0000000715a00000| Untracked 
| 174|0x0000000715c00000, 0x0000000715c00000, 0x0000000715e00000|  0%| F|  |TAMS 0x0000000715c00000| PB 0x0000000715c00000| Untracked 
| 175|0x0000000715e00000, 0x0000000715e00000, 0x0000000716000000|  0%| F|  |TAMS 0x0000000715e00000| PB 0x0000000715e00000| Untracked 
| 176|0x0000000716000000, 0x0000000716000000, 0x0000000716200000|  0%| F|  |TAMS 0x0000000716000000| PB 0x0000000716000000| Untracked 
| 177|0x0000000716200000, 0x0000000716200000, 0x0000000716400000|  0%| F|  |TAMS 0x0000000716200000| PB 0x0000000716200000| Untracked 
| 178|0x0000000716400000, 0x0000000716400000, 0x0000000716600000|  0%| F|  |TAMS 0x0000000716400000| PB 0x0000000716400000| Untracked 
| 179|0x0000000716600000, 0x0000000716600000, 0x0000000716800000|  0%| F|  |TAMS 0x0000000716600000| PB 0x0000000716600000| Untracked 
| 180|0x0000000716800000, 0x0000000716800000, 0x0000000716a00000|  0%| F|  |TAMS 0x0000000716800000| PB 0x0000000716800000| Untracked 
| 181|0x0000000716a00000, 0x0000000716a00000, 0x0000000716c00000|  0%| F|  |TAMS 0x0000000716a00000| PB 0x0000000716a00000| Untracked 
| 182|0x0000000716c00000, 0x0000000716c00000, 0x0000000716e00000|  0%| F|  |TAMS 0x0000000716c00000| PB 0x0000000716c00000| Untracked 
| 183|0x0000000716e00000, 0x0000000716e00000, 0x0000000717000000|  0%| F|  |TAMS 0x0000000716e00000| PB 0x0000000716e00000| Untracked 
| 184|0x0000000717000000, 0x0000000717000000, 0x0000000717200000|  0%| F|  |TAMS 0x0000000717000000| PB 0x0000000717000000| Untracked 
| 185|0x0000000717200000, 0x0000000717200000, 0x0000000717400000|  0%| F|  |TAMS 0x0000000717200000| PB 0x0000000717200000| Untracked 
| 186|0x0000000717400000, 0x0000000717400000, 0x0000000717600000|  0%| F|  |TAMS 0x0000000717400000| PB 0x0000000717400000| Untracked 
| 187|0x0000000717600000, 0x0000000717600000, 0x0000000717800000|  0%| F|  |TAMS 0x0000000717600000| PB 0x0000000717600000| Untracked 
| 188|0x0000000717800000, 0x0000000717800000, 0x0000000717a00000|  0%| F|  |TAMS 0x0000000717800000| PB 0x0000000717800000| Untracked 
| 189|0x0000000717a00000, 0x0000000717a00000, 0x0000000717c00000|  0%| F|  |TAMS 0x0000000717a00000| PB 0x0000000717a00000| Untracked 
| 190|0x0000000717c00000, 0x0000000717c00000, 0x0000000717e00000|  0%| F|  |TAMS 0x0000000717c00000| PB 0x0000000717c00000| Untracked 
| 191|0x0000000717e00000, 0x0000000717e00000, 0x0000000718000000|  0%| F|  |TAMS 0x0000000717e00000| PB 0x0000000717e00000| Untracked 
| 192|0x0000000718000000, 0x0000000718000000, 0x0000000718200000|  0%| F|  |TAMS 0x0000000718000000| PB 0x0000000718000000| Untracked 
| 193|0x0000000718200000, 0x0000000718200000, 0x0000000718400000|  0%| F|  |TAMS 0x0000000718200000| PB 0x0000000718200000| Untracked 
| 194|0x0000000718400000, 0x0000000718400000, 0x0000000718600000|  0%| F|  |TAMS 0x0000000718400000| PB 0x0000000718400000| Untracked 
| 195|0x0000000718600000, 0x0000000718600000, 0x0000000718800000|  0%| F|  |TAMS 0x0000000718600000| PB 0x0000000718600000| Untracked 
| 196|0x0000000718800000, 0x0000000718800000, 0x0000000718a00000|  0%| F|  |TAMS 0x0000000718800000| PB 0x0000000718800000| Untracked 
| 197|0x0000000718a00000, 0x0000000718a00000, 0x0000000718c00000|  0%| F|  |TAMS 0x0000000718a00000| PB 0x0000000718a00000| Untracked 
| 198|0x0000000718c00000, 0x0000000718c00000, 0x0000000718e00000|  0%| F|  |TAMS 0x0000000718c00000| PB 0x0000000718c00000| Untracked 
| 199|0x0000000718e00000, 0x0000000718e00000, 0x0000000719000000|  0%| F|  |TAMS 0x0000000718e00000| PB 0x0000000718e00000| Untracked 
| 200|0x0000000719000000, 0x0000000719000000, 0x0000000719200000|  0%| F|  |TAMS 0x0000000719000000| PB 0x0000000719000000| Untracked 
| 201|0x0000000719200000, 0x0000000719200000, 0x0000000719400000|  0%| F|  |TAMS 0x0000000719200000| PB 0x0000000719200000| Untracked 
| 202|0x0000000719400000, 0x0000000719400000, 0x0000000719600000|  0%| F|  |TAMS 0x0000000719400000| PB 0x0000000719400000| Untracked 
| 203|0x0000000719600000, 0x0000000719600000, 0x0000000719800000|  0%| F|  |TAMS 0x0000000719600000| PB 0x0000000719600000| Untracked 
| 204|0x0000000719800000, 0x0000000719800000, 0x0000000719a00000|  0%| F|  |TAMS 0x0000000719800000| PB 0x0000000719800000| Untracked 
| 205|0x0000000719a00000, 0x0000000719a00000, 0x0000000719c00000|  0%| F|  |TAMS 0x0000000719a00000| PB 0x0000000719a00000| Untracked 
| 206|0x0000000719c00000, 0x0000000719c00000, 0x0000000719e00000|  0%| F|  |TAMS 0x0000000719c00000| PB 0x0000000719c00000| Untracked 
| 207|0x0000000719e00000, 0x0000000719e00000, 0x000000071a000000|  0%| F|  |TAMS 0x0000000719e00000| PB 0x0000000719e00000| Untracked 
| 208|0x000000071a000000, 0x000000071a000000, 0x000000071a200000|  0%| F|  |TAMS 0x000000071a000000| PB 0x000000071a000000| Untracked 
| 209|0x000000071a200000, 0x000000071a200000, 0x000000071a400000|  0%| F|  |TAMS 0x000000071a200000| PB 0x000000071a200000| Untracked 
| 210|0x000000071a400000, 0x000000071a400000, 0x000000071a600000|  0%| F|  |TAMS 0x000000071a400000| PB 0x000000071a400000| Untracked 
| 211|0x000000071a600000, 0x000000071a600000, 0x000000071a800000|  0%| F|  |TAMS 0x000000071a600000| PB 0x000000071a600000| Untracked 
| 212|0x000000071a800000, 0x000000071a800000, 0x000000071aa00000|  0%| F|  |TAMS 0x000000071a800000| PB 0x000000071a800000| Untracked 
| 213|0x000000071aa00000, 0x000000071aa00000, 0x000000071ac00000|  0%| F|  |TAMS 0x000000071aa00000| PB 0x000000071aa00000| Untracked 
| 214|0x000000071ac00000, 0x000000071ac00000, 0x000000071ae00000|  0%| F|  |TAMS 0x000000071ac00000| PB 0x000000071ac00000| Untracked 
| 215|0x000000071ae00000, 0x000000071ae00000, 0x000000071b000000|  0%| F|  |TAMS 0x000000071ae00000| PB 0x000000071ae00000| Untracked 
| 216|0x000000071b000000, 0x000000071b000000, 0x000000071b200000|  0%| F|  |TAMS 0x000000071b000000| PB 0x000000071b000000| Untracked 
| 217|0x000000071b200000, 0x000000071b200000, 0x000000071b400000|  0%| F|  |TAMS 0x000000071b200000| PB 0x000000071b200000| Untracked 
| 218|0x000000071b400000, 0x000000071b400000, 0x000000071b600000|  0%| F|  |TAMS 0x000000071b400000| PB 0x000000071b400000| Untracked 
| 219|0x000000071b600000, 0x000000071b600000, 0x000000071b800000|  0%| F|  |TAMS 0x000000071b600000| PB 0x000000071b600000| Untracked 
| 220|0x000000071b800000, 0x000000071b800000, 0x000000071ba00000|  0%| F|  |TAMS 0x000000071b800000| PB 0x000000071b800000| Untracked 
| 221|0x000000071ba00000, 0x000000071ba00000, 0x000000071bc00000|  0%| F|  |TAMS 0x000000071ba00000| PB 0x000000071ba00000| Untracked 
| 222|0x000000071bc00000, 0x000000071bc00000, 0x000000071be00000|  0%| F|  |TAMS 0x000000071bc00000| PB 0x000000071bc00000| Untracked 
| 223|0x000000071be00000, 0x000000071be00000, 0x000000071c000000|  0%| F|  |TAMS 0x000000071be00000| PB 0x000000071be00000| Untracked 
| 224|0x000000071c000000, 0x000000071c000000, 0x000000071c200000|  0%| F|  |TAMS 0x000000071c000000| PB 0x000000071c000000| Untracked 
| 225|0x000000071c200000, 0x000000071c200000, 0x000000071c400000|  0%| F|  |TAMS 0x000000071c200000| PB 0x000000071c200000| Untracked 
| 226|0x000000071c400000, 0x000000071c400000, 0x000000071c600000|  0%| F|  |TAMS 0x000000071c400000| PB 0x000000071c400000| Untracked 
| 227|0x000000071c600000, 0x000000071c600000, 0x000000071c800000|  0%| F|  |TAMS 0x000000071c600000| PB 0x000000071c600000| Untracked 
| 228|0x000000071c800000, 0x000000071c800000, 0x000000071ca00000|  0%| F|  |TAMS 0x000000071c800000| PB 0x000000071c800000| Untracked 
| 229|0x000000071ca00000, 0x000000071ca00000, 0x000000071cc00000|  0%| F|  |TAMS 0x000000071ca00000| PB 0x000000071ca00000| Untracked 
| 230|0x000000071cc00000, 0x000000071cc00000, 0x000000071ce00000|  0%| F|  |TAMS 0x000000071cc00000| PB 0x000000071cc00000| Untracked 
| 231|0x000000071ce00000, 0x000000071ce00000, 0x000000071d000000|  0%| F|  |TAMS 0x000000071ce00000| PB 0x000000071ce00000| Untracked 
| 232|0x000000071d000000, 0x000000071d000000, 0x000000071d200000|  0%| F|  |TAMS 0x000000071d000000| PB 0x000000071d000000| Untracked 
| 233|0x000000071d200000, 0x000000071d200000, 0x000000071d400000|  0%| F|  |TAMS 0x000000071d200000| PB 0x000000071d200000| Untracked 
| 234|0x000000071d400000, 0x000000071d400000, 0x000000071d600000|  0%| F|  |TAMS 0x000000071d400000| PB 0x000000071d400000| Untracked 
| 235|0x000000071d600000, 0x000000071d600000, 0x000000071d800000|  0%| F|  |TAMS 0x000000071d600000| PB 0x000000071d600000| Untracked 
| 236|0x000000071d800000, 0x000000071d800000, 0x000000071da00000|  0%| F|  |TAMS 0x000000071d800000| PB 0x000000071d800000| Untracked 
| 237|0x000000071da00000, 0x000000071da00000, 0x000000071dc00000|  0%| F|  |TAMS 0x000000071da00000| PB 0x000000071da00000| Untracked 
| 238|0x000000071dc00000, 0x000000071dc00000, 0x000000071de00000|  0%| F|  |TAMS 0x000000071dc00000| PB 0x000000071dc00000| Untracked 
| 239|0x000000071de00000, 0x000000071de00000, 0x000000071e000000|  0%| F|  |TAMS 0x000000071de00000| PB 0x000000071de00000| Untracked 
| 240|0x000000071e000000, 0x000000071e000000, 0x000000071e200000|  0%| F|  |TAMS 0x000000071e000000| PB 0x000000071e000000| Untracked 
| 241|0x000000071e200000, 0x000000071e200000, 0x000000071e400000|  0%| F|  |TAMS 0x000000071e200000| PB 0x000000071e200000| Untracked 
| 242|0x000000071e400000, 0x000000071e400000, 0x000000071e600000|  0%| F|  |TAMS 0x000000071e400000| PB 0x000000071e400000| Untracked 
| 243|0x000000071e600000, 0x000000071e600000, 0x000000071e800000|  0%| F|  |TAMS 0x000000071e600000| PB 0x000000071e600000| Untracked 
| 244|0x000000071e800000, 0x000000071e800000, 0x000000071ea00000|  0%| F|  |TAMS 0x000000071e800000| PB 0x000000071e800000| Untracked 
| 245|0x000000071ea00000, 0x000000071ea00000, 0x000000071ec00000|  0%| F|  |TAMS 0x000000071ea00000| PB 0x000000071ea00000| Untracked 
| 246|0x000000071ec00000, 0x000000071ec00000, 0x000000071ee00000|  0%| F|  |TAMS 0x000000071ec00000| PB 0x000000071ec00000| Untracked 
| 247|0x000000071ee00000, 0x000000071ee00000, 0x000000071f000000|  0%| F|  |TAMS 0x000000071ee00000| PB 0x000000071ee00000| Untracked 
| 248|0x000000071f000000, 0x000000071f000000, 0x000000071f200000|  0%| F|  |TAMS 0x000000071f000000| PB 0x000000071f000000| Untracked 
| 249|0x000000071f200000, 0x000000071f200000, 0x000000071f400000|  0%| F|  |TAMS 0x000000071f200000| PB 0x000000071f200000| Untracked 
| 250|0x000000071f400000, 0x000000071f400000, 0x000000071f600000|  0%| F|  |TAMS 0x000000071f400000| PB 0x000000071f400000| Untracked 
| 251|0x000000071f600000, 0x000000071f600000, 0x000000071f800000|  0%| F|  |TAMS 0x000000071f600000| PB 0x000000071f600000| Untracked 
| 252|0x000000071f800000, 0x000000071f800000, 0x000000071fa00000|  0%| F|  |TAMS 0x000000071f800000| PB 0x000000071f800000| Untracked 
| 253|0x000000071fa00000, 0x000000071fa00000, 0x000000071fc00000|  0%| F|  |TAMS 0x000000071fa00000| PB 0x000000071fa00000| Untracked 
| 254|0x000000071fc00000, 0x000000071fc00000, 0x000000071fe00000|  0%| F|  |TAMS 0x000000071fc00000| PB 0x000000071fc00000| Untracked 
| 255|0x000000071fe00000, 0x000000071fe00000, 0x0000000720000000|  0%| F|  |TAMS 0x000000071fe00000| PB 0x000000071fe00000| Untracked 
| 256|0x0000000720000000, 0x0000000720000000, 0x0000000720200000|  0%| F|  |TAMS 0x0000000720000000| PB 0x0000000720000000| Untracked 
| 257|0x0000000720200000, 0x0000000720200000, 0x0000000720400000|  0%| F|  |TAMS 0x0000000720200000| PB 0x0000000720200000| Untracked 
| 258|0x0000000720400000, 0x0000000720400000, 0x0000000720600000|  0%| F|  |TAMS 0x0000000720400000| PB 0x0000000720400000| Untracked 
| 259|0x0000000720600000, 0x0000000720600000, 0x0000000720800000|  0%| F|  |TAMS 0x0000000720600000| PB 0x0000000720600000| Untracked 
| 260|0x0000000720800000, 0x0000000720800000, 0x0000000720a00000|  0%| F|  |TAMS 0x0000000720800000| PB 0x0000000720800000| Untracked 
| 261|0x0000000720a00000, 0x0000000720a00000, 0x0000000720c00000|  0%| F|  |TAMS 0x0000000720a00000| PB 0x0000000720a00000| Untracked 
| 262|0x0000000720c00000, 0x0000000720c00000, 0x0000000720e00000|  0%| F|  |TAMS 0x0000000720c00000| PB 0x0000000720c00000| Untracked 
| 263|0x0000000720e00000, 0x0000000720e00000, 0x0000000721000000|  0%| F|  |TAMS 0x0000000720e00000| PB 0x0000000720e00000| Untracked 
| 264|0x0000000721000000, 0x0000000721000000, 0x0000000721200000|  0%| F|  |TAMS 0x0000000721000000| PB 0x0000000721000000| Untracked 
| 265|0x0000000721200000, 0x0000000721200000, 0x0000000721400000|  0%| F|  |TAMS 0x0000000721200000| PB 0x0000000721200000| Untracked 
| 266|0x0000000721400000, 0x0000000721400000, 0x0000000721600000|  0%| F|  |TAMS 0x0000000721400000| PB 0x0000000721400000| Untracked 
| 267|0x0000000721600000, 0x0000000721600000, 0x0000000721800000|  0%| F|  |TAMS 0x0000000721600000| PB 0x0000000721600000| Untracked 
| 268|0x0000000721800000, 0x0000000721800000, 0x0000000721a00000|  0%| F|  |TAMS 0x0000000721800000| PB 0x0000000721800000| Untracked 
| 269|0x0000000721a00000, 0x0000000721a00000, 0x0000000721c00000|  0%| F|  |TAMS 0x0000000721a00000| PB 0x0000000721a00000| Untracked 
| 270|0x0000000721c00000, 0x0000000721c00000, 0x0000000721e00000|  0%| F|  |TAMS 0x0000000721c00000| PB 0x0000000721c00000| Untracked 
| 271|0x0000000721e00000, 0x0000000721e00000, 0x0000000722000000|  0%| F|  |TAMS 0x0000000721e00000| PB 0x0000000721e00000| Untracked 
| 272|0x0000000722000000, 0x0000000722000000, 0x0000000722200000|  0%| F|  |TAMS 0x0000000722000000| PB 0x0000000722000000| Untracked 
| 273|0x0000000722200000, 0x0000000722200000, 0x0000000722400000|  0%| F|  |TAMS 0x0000000722200000| PB 0x0000000722200000| Untracked 
| 274|0x0000000722400000, 0x0000000722400000, 0x0000000722600000|  0%| F|  |TAMS 0x0000000722400000| PB 0x0000000722400000| Untracked 
| 275|0x0000000722600000, 0x0000000722600000, 0x0000000722800000|  0%| F|  |TAMS 0x0000000722600000| PB 0x0000000722600000| Untracked 
| 276|0x0000000722800000, 0x0000000722800000, 0x0000000722a00000|  0%| F|  |TAMS 0x0000000722800000| PB 0x0000000722800000| Untracked 
| 277|0x0000000722a00000, 0x0000000722a00000, 0x0000000722c00000|  0%| F|  |TAMS 0x0000000722a00000| PB 0x0000000722a00000| Untracked 
| 278|0x0000000722c00000, 0x0000000722c00000, 0x0000000722e00000|  0%| F|  |TAMS 0x0000000722c00000| PB 0x0000000722c00000| Untracked 
| 279|0x0000000722e00000, 0x0000000722e00000, 0x0000000723000000|  0%| F|  |TAMS 0x0000000722e00000| PB 0x0000000722e00000| Untracked 
| 280|0x0000000723000000, 0x0000000723000000, 0x0000000723200000|  0%| F|  |TAMS 0x0000000723000000| PB 0x0000000723000000| Untracked 
| 281|0x0000000723200000, 0x0000000723200000, 0x0000000723400000|  0%| F|  |TAMS 0x0000000723200000| PB 0x0000000723200000| Untracked 
| 282|0x0000000723400000, 0x0000000723400000, 0x0000000723600000|  0%| F|  |TAMS 0x0000000723400000| PB 0x0000000723400000| Untracked 
| 283|0x0000000723600000, 0x0000000723600000, 0x0000000723800000|  0%| F|  |TAMS 0x0000000723600000| PB 0x0000000723600000| Untracked 
| 284|0x0000000723800000, 0x0000000723800000, 0x0000000723a00000|  0%| F|  |TAMS 0x0000000723800000| PB 0x0000000723800000| Untracked 
| 285|0x0000000723a00000, 0x0000000723a00000, 0x0000000723c00000|  0%| F|  |TAMS 0x0000000723a00000| PB 0x0000000723a00000| Untracked 
| 286|0x0000000723c00000, 0x0000000723c00000, 0x0000000723e00000|  0%| F|  |TAMS 0x0000000723c00000| PB 0x0000000723c00000| Untracked 
| 287|0x0000000723e00000, 0x0000000723e00000, 0x0000000724000000|  0%| F|  |TAMS 0x0000000723e00000| PB 0x0000000723e00000| Untracked 
| 288|0x0000000724000000, 0x0000000724000000, 0x0000000724200000|  0%| F|  |TAMS 0x0000000724000000| PB 0x0000000724000000| Untracked 
| 289|0x0000000724200000, 0x0000000724200000, 0x0000000724400000|  0%| F|  |TAMS 0x0000000724200000| PB 0x0000000724200000| Untracked 
| 290|0x0000000724400000, 0x0000000724400000, 0x0000000724600000|  0%| F|  |TAMS 0x0000000724400000| PB 0x0000000724400000| Untracked 
| 291|0x0000000724600000, 0x0000000724600000, 0x0000000724800000|  0%| F|  |TAMS 0x0000000724600000| PB 0x0000000724600000| Untracked 
| 292|0x0000000724800000, 0x0000000724800000, 0x0000000724a00000|  0%| F|  |TAMS 0x0000000724800000| PB 0x0000000724800000| Untracked 
| 293|0x0000000724a00000, 0x0000000724a00000, 0x0000000724c00000|  0%| F|  |TAMS 0x0000000724a00000| PB 0x0000000724a00000| Untracked 
| 294|0x0000000724c00000, 0x0000000724c00000, 0x0000000724e00000|  0%| F|  |TAMS 0x0000000724c00000| PB 0x0000000724c00000| Untracked 
| 295|0x0000000724e00000, 0x0000000724e00000, 0x0000000725000000|  0%| F|  |TAMS 0x0000000724e00000| PB 0x0000000724e00000| Untracked 
| 296|0x0000000725000000, 0x0000000725000000, 0x0000000725200000|  0%| F|  |TAMS 0x0000000725000000| PB 0x0000000725000000| Untracked 
| 297|0x0000000725200000, 0x0000000725200000, 0x0000000725400000|  0%| F|  |TAMS 0x0000000725200000| PB 0x0000000725200000| Untracked 
| 298|0x0000000725400000, 0x0000000725400000, 0x0000000725600000|  0%| F|  |TAMS 0x0000000725400000| PB 0x0000000725400000| Untracked 
| 299|0x0000000725600000, 0x0000000725600000, 0x0000000725800000|  0%| F|  |TAMS 0x0000000725600000| PB 0x0000000725600000| Untracked 
| 300|0x0000000725800000, 0x0000000725800000, 0x0000000725a00000|  0%| F|  |TAMS 0x0000000725800000| PB 0x0000000725800000| Untracked 
| 301|0x0000000725a00000, 0x0000000725a00000, 0x0000000725c00000|  0%| F|  |TAMS 0x0000000725a00000| PB 0x0000000725a00000| Untracked 
| 302|0x0000000725c00000, 0x0000000725c00000, 0x0000000725e00000|  0%| F|  |TAMS 0x0000000725c00000| PB 0x0000000725c00000| Untracked 
| 303|0x0000000725e00000, 0x0000000725e00000, 0x0000000726000000|  0%| F|  |TAMS 0x0000000725e00000| PB 0x0000000725e00000| Untracked 
| 304|0x0000000726000000, 0x0000000726000000, 0x0000000726200000|  0%| F|  |TAMS 0x0000000726000000| PB 0x0000000726000000| Untracked 
| 305|0x0000000726200000, 0x0000000726200000, 0x0000000726400000|  0%| F|  |TAMS 0x0000000726200000| PB 0x0000000726200000| Untracked 
| 306|0x0000000726400000, 0x0000000726400000, 0x0000000726600000|  0%| F|  |TAMS 0x0000000726400000| PB 0x0000000726400000| Untracked 
| 307|0x0000000726600000, 0x0000000726600000, 0x0000000726800000|  0%| F|  |TAMS 0x0000000726600000| PB 0x0000000726600000| Untracked 
| 308|0x0000000726800000, 0x0000000726800000, 0x0000000726a00000|  0%| F|  |TAMS 0x0000000726800000| PB 0x0000000726800000| Untracked 
| 309|0x0000000726a00000, 0x0000000726a00000, 0x0000000726c00000|  0%| F|  |TAMS 0x0000000726a00000| PB 0x0000000726a00000| Untracked 
| 310|0x0000000726c00000, 0x0000000726c00000, 0x0000000726e00000|  0%| F|  |TAMS 0x0000000726c00000| PB 0x0000000726c00000| Untracked 
| 311|0x0000000726e00000, 0x0000000726e00000, 0x0000000727000000|  0%| F|  |TAMS 0x0000000726e00000| PB 0x0000000726e00000| Untracked 
| 312|0x0000000727000000, 0x0000000727000000, 0x0000000727200000|  0%| F|  |TAMS 0x0000000727000000| PB 0x0000000727000000| Untracked 
| 313|0x0000000727200000, 0x0000000727200000, 0x0000000727400000|  0%| F|  |TAMS 0x0000000727200000| PB 0x0000000727200000| Untracked 
| 314|0x0000000727400000, 0x0000000727400000, 0x0000000727600000|  0%| F|  |TAMS 0x0000000727400000| PB 0x0000000727400000| Untracked 
| 315|0x0000000727600000, 0x0000000727600000, 0x0000000727800000|  0%| F|  |TAMS 0x0000000727600000| PB 0x0000000727600000| Untracked 
| 316|0x0000000727800000, 0x0000000727800000, 0x0000000727a00000|  0%| F|  |TAMS 0x0000000727800000| PB 0x0000000727800000| Untracked 
| 317|0x0000000727a00000, 0x0000000727a00000, 0x0000000727c00000|  0%| F|  |TAMS 0x0000000727a00000| PB 0x0000000727a00000| Untracked 
| 318|0x0000000727c00000, 0x0000000727c00000, 0x0000000727e00000|  0%| F|  |TAMS 0x0000000727c00000| PB 0x0000000727c00000| Untracked 
| 319|0x0000000727e00000, 0x0000000727e00000, 0x0000000728000000|  0%| F|  |TAMS 0x0000000727e00000| PB 0x0000000727e00000| Untracked 
| 320|0x0000000728000000, 0x0000000728000000, 0x0000000728200000|  0%| F|  |TAMS 0x0000000728000000| PB 0x0000000728000000| Untracked 
| 321|0x0000000728200000, 0x0000000728200000, 0x0000000728400000|  0%| F|  |TAMS 0x0000000728200000| PB 0x0000000728200000| Untracked 
| 322|0x0000000728400000, 0x0000000728400000, 0x0000000728600000|  0%| F|  |TAMS 0x0000000728400000| PB 0x0000000728400000| Untracked 
| 323|0x0000000728600000, 0x0000000728600000, 0x0000000728800000|  0%| F|  |TAMS 0x0000000728600000| PB 0x0000000728600000| Untracked 
| 324|0x0000000728800000, 0x0000000728800000, 0x0000000728a00000|  0%| F|  |TAMS 0x0000000728800000| PB 0x0000000728800000| Untracked 
| 325|0x0000000728a00000, 0x0000000728a00000, 0x0000000728c00000|  0%| F|  |TAMS 0x0000000728a00000| PB 0x0000000728a00000| Untracked 
| 326|0x0000000728c00000, 0x0000000728c00000, 0x0000000728e00000|  0%| F|  |TAMS 0x0000000728c00000| PB 0x0000000728c00000| Untracked 
| 327|0x0000000728e00000, 0x0000000728e00000, 0x0000000729000000|  0%| F|  |TAMS 0x0000000728e00000| PB 0x0000000728e00000| Untracked 
| 328|0x0000000729000000, 0x0000000729000000, 0x0000000729200000|  0%| F|  |TAMS 0x0000000729000000| PB 0x0000000729000000| Untracked 
| 329|0x0000000729200000, 0x0000000729200000, 0x0000000729400000|  0%| F|  |TAMS 0x0000000729200000| PB 0x0000000729200000| Untracked 
| 330|0x0000000729400000, 0x0000000729400000, 0x0000000729600000|  0%| F|  |TAMS 0x0000000729400000| PB 0x0000000729400000| Untracked 
| 331|0x0000000729600000, 0x0000000729600000, 0x0000000729800000|  0%| F|  |TAMS 0x0000000729600000| PB 0x0000000729600000| Untracked 
| 332|0x0000000729800000, 0x0000000729800000, 0x0000000729a00000|  0%| F|  |TAMS 0x0000000729800000| PB 0x0000000729800000| Untracked 
| 333|0x0000000729a00000, 0x0000000729a00000, 0x0000000729c00000|  0%| F|  |TAMS 0x0000000729a00000| PB 0x0000000729a00000| Untracked 
| 334|0x0000000729c00000, 0x0000000729c00000, 0x0000000729e00000|  0%| F|  |TAMS 0x0000000729c00000| PB 0x0000000729c00000| Untracked 
| 335|0x0000000729e00000, 0x0000000729e00000, 0x000000072a000000|  0%| F|  |TAMS 0x0000000729e00000| PB 0x0000000729e00000| Untracked 
| 336|0x000000072a000000, 0x000000072a000000, 0x000000072a200000|  0%| F|  |TAMS 0x000000072a000000| PB 0x000000072a000000| Untracked 
| 337|0x000000072a200000, 0x000000072a200000, 0x000000072a400000|  0%| F|  |TAMS 0x000000072a200000| PB 0x000000072a200000| Untracked 
| 338|0x000000072a400000, 0x000000072a400000, 0x000000072a600000|  0%| F|  |TAMS 0x000000072a400000| PB 0x000000072a400000| Untracked 
| 339|0x000000072a600000, 0x000000072a600000, 0x000000072a800000|  0%| F|  |TAMS 0x000000072a600000| PB 0x000000072a600000| Untracked 
| 340|0x000000072a800000, 0x000000072a800000, 0x000000072aa00000|  0%| F|  |TAMS 0x000000072a800000| PB 0x000000072a800000| Untracked 
| 341|0x000000072aa00000, 0x000000072aa00000, 0x000000072ac00000|  0%| F|  |TAMS 0x000000072aa00000| PB 0x000000072aa00000| Untracked 
| 342|0x000000072ac00000, 0x000000072ac00000, 0x000000072ae00000|  0%| F|  |TAMS 0x000000072ac00000| PB 0x000000072ac00000| Untracked 
| 343|0x000000072ae00000, 0x000000072ae00000, 0x000000072b000000|  0%| F|  |TAMS 0x000000072ae00000| PB 0x000000072ae00000| Untracked 
| 344|0x000000072b000000, 0x000000072b000000, 0x000000072b200000|  0%| F|  |TAMS 0x000000072b000000| PB 0x000000072b000000| Untracked 
| 345|0x000000072b200000, 0x000000072b200000, 0x000000072b400000|  0%| F|  |TAMS 0x000000072b200000| PB 0x000000072b200000| Untracked 
| 346|0x000000072b400000, 0x000000072b400000, 0x000000072b600000|  0%| F|  |TAMS 0x000000072b400000| PB 0x000000072b400000| Untracked 
| 347|0x000000072b600000, 0x000000072b600000, 0x000000072b800000|  0%| F|  |TAMS 0x000000072b600000| PB 0x000000072b600000| Untracked 
| 348|0x000000072b800000, 0x000000072b800000, 0x000000072ba00000|  0%| F|  |TAMS 0x000000072b800000| PB 0x000000072b800000| Untracked 
| 349|0x000000072ba00000, 0x000000072ba00000, 0x000000072bc00000|  0%| F|  |TAMS 0x000000072ba00000| PB 0x000000072ba00000| Untracked 
| 350|0x000000072bc00000, 0x000000072bc00000, 0x000000072be00000|  0%| F|  |TAMS 0x000000072bc00000| PB 0x000000072bc00000| Untracked 
| 351|0x000000072be00000, 0x000000072be00000, 0x000000072c000000|  0%| F|  |TAMS 0x000000072be00000| PB 0x000000072be00000| Untracked 
| 352|0x000000072c000000, 0x000000072c000000, 0x000000072c200000|  0%| F|  |TAMS 0x000000072c000000| PB 0x000000072c000000| Untracked 
| 353|0x000000072c200000, 0x000000072c200000, 0x000000072c400000|  0%| F|  |TAMS 0x000000072c200000| PB 0x000000072c200000| Untracked 
| 354|0x000000072c400000, 0x000000072c400000, 0x000000072c600000|  0%| F|  |TAMS 0x000000072c400000| PB 0x000000072c400000| Untracked 
| 355|0x000000072c600000, 0x000000072c600000, 0x000000072c800000|  0%| F|  |TAMS 0x000000072c600000| PB 0x000000072c600000| Untracked 
| 356|0x000000072c800000, 0x000000072c800000, 0x000000072ca00000|  0%| F|  |TAMS 0x000000072c800000| PB 0x000000072c800000| Untracked 
| 357|0x000000072ca00000, 0x000000072ca00000, 0x000000072cc00000|  0%| F|  |TAMS 0x000000072ca00000| PB 0x000000072ca00000| Untracked 
| 358|0x000000072cc00000, 0x000000072cc00000, 0x000000072ce00000|  0%| F|  |TAMS 0x000000072cc00000| PB 0x000000072cc00000| Untracked 
| 359|0x000000072ce00000, 0x000000072ce00000, 0x000000072d000000|  0%| F|  |TAMS 0x000000072ce00000| PB 0x000000072ce00000| Untracked 
| 360|0x000000072d000000, 0x000000072d000000, 0x000000072d200000|  0%| F|  |TAMS 0x000000072d000000| PB 0x000000072d000000| Untracked 
| 361|0x000000072d200000, 0x000000072d200000, 0x000000072d400000|  0%| F|  |TAMS 0x000000072d200000| PB 0x000000072d200000| Untracked 
| 362|0x000000072d400000, 0x000000072d400000, 0x000000072d600000|  0%| F|  |TAMS 0x000000072d400000| PB 0x000000072d400000| Untracked 
| 363|0x000000072d600000, 0x000000072d600000, 0x000000072d800000|  0%| F|  |TAMS 0x000000072d600000| PB 0x000000072d600000| Untracked 
| 364|0x000000072d800000, 0x000000072d800000, 0x000000072da00000|  0%| F|  |TAMS 0x000000072d800000| PB 0x000000072d800000| Untracked 
| 365|0x000000072da00000, 0x000000072da00000, 0x000000072dc00000|  0%| F|  |TAMS 0x000000072da00000| PB 0x000000072da00000| Untracked 
| 366|0x000000072dc00000, 0x000000072dc00000, 0x000000072de00000|  0%| F|  |TAMS 0x000000072dc00000| PB 0x000000072dc00000| Untracked 
| 367|0x000000072de00000, 0x000000072de00000, 0x000000072e000000|  0%| F|  |TAMS 0x000000072de00000| PB 0x000000072de00000| Untracked 
| 368|0x000000072e000000, 0x000000072e000000, 0x000000072e200000|  0%| F|  |TAMS 0x000000072e000000| PB 0x000000072e000000| Untracked 
| 369|0x000000072e200000, 0x000000072e200000, 0x000000072e400000|  0%| F|  |TAMS 0x000000072e200000| PB 0x000000072e200000| Untracked 
| 370|0x000000072e400000, 0x000000072e400000, 0x000000072e600000|  0%| F|  |TAMS 0x000000072e400000| PB 0x000000072e400000| Untracked 
| 371|0x000000072e600000, 0x000000072e600000, 0x000000072e800000|  0%| F|  |TAMS 0x000000072e600000| PB 0x000000072e600000| Untracked 
| 372|0x000000072e800000, 0x000000072e800000, 0x000000072ea00000|  0%| F|  |TAMS 0x000000072e800000| PB 0x000000072e800000| Untracked 
| 373|0x000000072ea00000, 0x000000072ea00000, 0x000000072ec00000|  0%| F|  |TAMS 0x000000072ea00000| PB 0x000000072ea00000| Untracked 
| 374|0x000000072ec00000, 0x000000072ec00000, 0x000000072ee00000|  0%| F|  |TAMS 0x000000072ec00000| PB 0x000000072ec00000| Untracked 
| 375|0x000000072ee00000, 0x000000072ee00000, 0x000000072f000000|  0%| F|  |TAMS 0x000000072ee00000| PB 0x000000072ee00000| Untracked 
| 376|0x000000072f000000, 0x000000072f000000, 0x000000072f200000|  0%| F|  |TAMS 0x000000072f000000| PB 0x000000072f000000| Untracked 
| 377|0x000000072f200000, 0x000000072f200000, 0x000000072f400000|  0%| F|  |TAMS 0x000000072f200000| PB 0x000000072f200000| Untracked 
| 378|0x000000072f400000, 0x000000072f400000, 0x000000072f600000|  0%| F|  |TAMS 0x000000072f400000| PB 0x000000072f400000| Untracked 
| 379|0x000000072f600000, 0x000000072f600000, 0x000000072f800000|  0%| F|  |TAMS 0x000000072f600000| PB 0x000000072f600000| Untracked 
| 380|0x000000072f800000, 0x000000072f800000, 0x000000072fa00000|  0%| F|  |TAMS 0x000000072f800000| PB 0x000000072f800000| Untracked 
| 381|0x000000072fa00000, 0x000000072fa00000, 0x000000072fc00000|  0%| F|  |TAMS 0x000000072fa00000| PB 0x000000072fa00000| Untracked 
| 382|0x000000072fc00000, 0x000000072fc00000, 0x000000072fe00000|  0%| F|  |TAMS 0x000000072fc00000| PB 0x000000072fc00000| Untracked 
| 383|0x000000072fe00000, 0x000000072fe00000, 0x0000000730000000|  0%| F|  |TAMS 0x000000072fe00000| PB 0x000000072fe00000| Untracked 
| 384|0x0000000730000000, 0x0000000730000000, 0x0000000730200000|  0%| F|  |TAMS 0x0000000730000000| PB 0x0000000730000000| Untracked 
| 385|0x0000000730200000, 0x0000000730200000, 0x0000000730400000|  0%| F|  |TAMS 0x0000000730200000| PB 0x0000000730200000| Untracked 
| 386|0x0000000730400000, 0x0000000730400000, 0x0000000730600000|  0%| F|  |TAMS 0x0000000730400000| PB 0x0000000730400000| Untracked 
| 387|0x0000000730600000, 0x0000000730600000, 0x0000000730800000|  0%| F|  |TAMS 0x0000000730600000| PB 0x0000000730600000| Untracked 
| 388|0x0000000730800000, 0x0000000730800000, 0x0000000730a00000|  0%| F|  |TAMS 0x0000000730800000| PB 0x0000000730800000| Untracked 
| 389|0x0000000730a00000, 0x0000000730a00000, 0x0000000730c00000|  0%| F|  |TAMS 0x0000000730a00000| PB 0x0000000730a00000| Untracked 
| 390|0x0000000730c00000, 0x0000000730c00000, 0x0000000730e00000|  0%| F|  |TAMS 0x0000000730c00000| PB 0x0000000730c00000| Untracked 
| 391|0x0000000730e00000, 0x0000000730e00000, 0x0000000731000000|  0%| F|  |TAMS 0x0000000730e00000| PB 0x0000000730e00000| Untracked 
| 392|0x0000000731000000, 0x0000000731000000, 0x0000000731200000|  0%| F|  |TAMS 0x0000000731000000| PB 0x0000000731000000| Untracked 
| 393|0x0000000731200000, 0x0000000731200000, 0x0000000731400000|  0%| F|  |TAMS 0x0000000731200000| PB 0x0000000731200000| Untracked 
| 394|0x0000000731400000, 0x0000000731400000, 0x0000000731600000|  0%| F|  |TAMS 0x0000000731400000| PB 0x0000000731400000| Untracked 
| 395|0x0000000731600000, 0x0000000731600000, 0x0000000731800000|  0%| F|  |TAMS 0x0000000731600000| PB 0x0000000731600000| Untracked 
| 396|0x0000000731800000, 0x0000000731800000, 0x0000000731a00000|  0%| F|  |TAMS 0x0000000731800000| PB 0x0000000731800000| Untracked 
| 397|0x0000000731a00000, 0x0000000731a00000, 0x0000000731c00000|  0%| F|  |TAMS 0x0000000731a00000| PB 0x0000000731a00000| Untracked 
| 398|0x0000000731c00000, 0x0000000731c00000, 0x0000000731e00000|  0%| F|  |TAMS 0x0000000731c00000| PB 0x0000000731c00000| Untracked 
| 399|0x0000000731e00000, 0x0000000731e00000, 0x0000000732000000|  0%| F|  |TAMS 0x0000000731e00000| PB 0x0000000731e00000| Untracked 
| 400|0x0000000732000000, 0x0000000732000000, 0x0000000732200000|  0%| F|  |TAMS 0x0000000732000000| PB 0x0000000732000000| Untracked 
| 401|0x0000000732200000, 0x0000000732200000, 0x0000000732400000|  0%| F|  |TAMS 0x0000000732200000| PB 0x0000000732200000| Untracked 
| 402|0x0000000732400000, 0x0000000732400000, 0x0000000732600000|  0%| F|  |TAMS 0x0000000732400000| PB 0x0000000732400000| Untracked 
| 403|0x0000000732600000, 0x0000000732600000, 0x0000000732800000|  0%| F|  |TAMS 0x0000000732600000| PB 0x0000000732600000| Untracked 
| 404|0x0000000732800000, 0x0000000732800000, 0x0000000732a00000|  0%| F|  |TAMS 0x0000000732800000| PB 0x0000000732800000| Untracked 
| 405|0x0000000732a00000, 0x0000000732a00000, 0x0000000732c00000|  0%| F|  |TAMS 0x0000000732a00000| PB 0x0000000732a00000| Untracked 
| 406|0x0000000732c00000, 0x0000000732c00000, 0x0000000732e00000|  0%| F|  |TAMS 0x0000000732c00000| PB 0x0000000732c00000| Untracked 
| 407|0x0000000732e00000, 0x0000000732e00000, 0x0000000733000000|  0%| F|  |TAMS 0x0000000732e00000| PB 0x0000000732e00000| Untracked 
| 408|0x0000000733000000, 0x0000000733000000, 0x0000000733200000|  0%| F|  |TAMS 0x0000000733000000| PB 0x0000000733000000| Untracked 
| 409|0x0000000733200000, 0x0000000733200000, 0x0000000733400000|  0%| F|  |TAMS 0x0000000733200000| PB 0x0000000733200000| Untracked 
| 410|0x0000000733400000, 0x0000000733400000, 0x0000000733600000|  0%| F|  |TAMS 0x0000000733400000| PB 0x0000000733400000| Untracked 
| 411|0x0000000733600000, 0x0000000733600000, 0x0000000733800000|  0%| F|  |TAMS 0x0000000733600000| PB 0x0000000733600000| Untracked 
| 412|0x0000000733800000, 0x0000000733800000, 0x0000000733a00000|  0%| F|  |TAMS 0x0000000733800000| PB 0x0000000733800000| Untracked 
| 413|0x0000000733a00000, 0x0000000733a00000, 0x0000000733c00000|  0%| F|  |TAMS 0x0000000733a00000| PB 0x0000000733a00000| Untracked 
| 414|0x0000000733c00000, 0x0000000733c00000, 0x0000000733e00000|  0%| F|  |TAMS 0x0000000733c00000| PB 0x0000000733c00000| Untracked 
| 415|0x0000000733e00000, 0x0000000733e00000, 0x0000000734000000|  0%| F|  |TAMS 0x0000000733e00000| PB 0x0000000733e00000| Untracked 
| 416|0x0000000734000000, 0x0000000734000000, 0x0000000734200000|  0%| F|  |TAMS 0x0000000734000000| PB 0x0000000734000000| Untracked 
| 417|0x0000000734200000, 0x0000000734200000, 0x0000000734400000|  0%| F|  |TAMS 0x0000000734200000| PB 0x0000000734200000| Untracked 
| 418|0x0000000734400000, 0x0000000734400000, 0x0000000734600000|  0%| F|  |TAMS 0x0000000734400000| PB 0x0000000734400000| Untracked 
| 419|0x0000000734600000, 0x0000000734600000, 0x0000000734800000|  0%| F|  |TAMS 0x0000000734600000| PB 0x0000000734600000| Untracked 
| 420|0x0000000734800000, 0x0000000734800000, 0x0000000734a00000|  0%| F|  |TAMS 0x0000000734800000| PB 0x0000000734800000| Untracked 
| 421|0x0000000734a00000, 0x0000000734a00000, 0x0000000734c00000|  0%| F|  |TAMS 0x0000000734a00000| PB 0x0000000734a00000| Untracked 
| 422|0x0000000734c00000, 0x0000000734c00000, 0x0000000734e00000|  0%| F|  |TAMS 0x0000000734c00000| PB 0x0000000734c00000| Untracked 
| 423|0x0000000734e00000, 0x0000000734e00000, 0x0000000735000000|  0%| F|  |TAMS 0x0000000734e00000| PB 0x0000000734e00000| Untracked 
| 424|0x0000000735000000, 0x0000000735000000, 0x0000000735200000|  0%| F|  |TAMS 0x0000000735000000| PB 0x0000000735000000| Untracked 
| 425|0x0000000735200000, 0x0000000735200000, 0x0000000735400000|  0%| F|  |TAMS 0x0000000735200000| PB 0x0000000735200000| Untracked 
| 426|0x0000000735400000, 0x0000000735400000, 0x0000000735600000|  0%| F|  |TAMS 0x0000000735400000| PB 0x0000000735400000| Untracked 
| 427|0x0000000735600000, 0x0000000735600000, 0x0000000735800000|  0%| F|  |TAMS 0x0000000735600000| PB 0x0000000735600000| Untracked 
| 428|0x0000000735800000, 0x0000000735800000, 0x0000000735a00000|  0%| F|  |TAMS 0x0000000735800000| PB 0x0000000735800000| Untracked 
| 429|0x0000000735a00000, 0x0000000735a00000, 0x0000000735c00000|  0%| F|  |TAMS 0x0000000735a00000| PB 0x0000000735a00000| Untracked 
| 430|0x0000000735c00000, 0x0000000735c00000, 0x0000000735e00000|  0%| F|  |TAMS 0x0000000735c00000| PB 0x0000000735c00000| Untracked 
| 431|0x0000000735e00000, 0x0000000735e00000, 0x0000000736000000|  0%| F|  |TAMS 0x0000000735e00000| PB 0x0000000735e00000| Untracked 
| 432|0x0000000736000000, 0x0000000736000000, 0x0000000736200000|  0%| F|  |TAMS 0x0000000736000000| PB 0x0000000736000000| Untracked 
| 433|0x0000000736200000, 0x0000000736200000, 0x0000000736400000|  0%| F|  |TAMS 0x0000000736200000| PB 0x0000000736200000| Untracked 
| 434|0x0000000736400000, 0x0000000736400000, 0x0000000736600000|  0%| F|  |TAMS 0x0000000736400000| PB 0x0000000736400000| Untracked 
| 435|0x0000000736600000, 0x0000000736600000, 0x0000000736800000|  0%| F|  |TAMS 0x0000000736600000| PB 0x0000000736600000| Untracked 
| 436|0x0000000736800000, 0x0000000736800000, 0x0000000736a00000|  0%| F|  |TAMS 0x0000000736800000| PB 0x0000000736800000| Untracked 
| 437|0x0000000736a00000, 0x0000000736a00000, 0x0000000736c00000|  0%| F|  |TAMS 0x0000000736a00000| PB 0x0000000736a00000| Untracked 
| 438|0x0000000736c00000, 0x0000000736c00000, 0x0000000736e00000|  0%| F|  |TAMS 0x0000000736c00000| PB 0x0000000736c00000| Untracked 
| 439|0x0000000736e00000, 0x0000000736e00000, 0x0000000737000000|  0%| F|  |TAMS 0x0000000736e00000| PB 0x0000000736e00000| Untracked 
| 440|0x0000000737000000, 0x0000000737000000, 0x0000000737200000|  0%| F|  |TAMS 0x0000000737000000| PB 0x0000000737000000| Untracked 
| 441|0x0000000737200000, 0x0000000737200000, 0x0000000737400000|  0%| F|  |TAMS 0x0000000737200000| PB 0x0000000737200000| Untracked 
| 442|0x0000000737400000, 0x0000000737400000, 0x0000000737600000|  0%| F|  |TAMS 0x0000000737400000| PB 0x0000000737400000| Untracked 
| 443|0x0000000737600000, 0x0000000737600000, 0x0000000737800000|  0%| F|  |TAMS 0x0000000737600000| PB 0x0000000737600000| Untracked 
| 444|0x0000000737800000, 0x0000000737800000, 0x0000000737a00000|  0%| F|  |TAMS 0x0000000737800000| PB 0x0000000737800000| Untracked 
| 445|0x0000000737a00000, 0x0000000737a00000, 0x0000000737c00000|  0%| F|  |TAMS 0x0000000737a00000| PB 0x0000000737a00000| Untracked 
| 446|0x0000000737c00000, 0x0000000737c00000, 0x0000000737e00000|  0%| F|  |TAMS 0x0000000737c00000| PB 0x0000000737c00000| Untracked 
| 447|0x0000000737e00000, 0x0000000737e00000, 0x0000000738000000|  0%| F|  |TAMS 0x0000000737e00000| PB 0x0000000737e00000| Untracked 
| 448|0x0000000738000000, 0x0000000738000000, 0x0000000738200000|  0%| F|  |TAMS 0x0000000738000000| PB 0x0000000738000000| Untracked 
| 449|0x0000000738200000, 0x0000000738200000, 0x0000000738400000|  0%| F|  |TAMS 0x0000000738200000| PB 0x0000000738200000| Untracked 
| 450|0x0000000738400000, 0x0000000738400000, 0x0000000738600000|  0%| F|  |TAMS 0x0000000738400000| PB 0x0000000738400000| Untracked 
| 451|0x0000000738600000, 0x0000000738600000, 0x0000000738800000|  0%| F|  |TAMS 0x0000000738600000| PB 0x0000000738600000| Untracked 
| 452|0x0000000738800000, 0x0000000738800000, 0x0000000738a00000|  0%| F|  |TAMS 0x0000000738800000| PB 0x0000000738800000| Untracked 
| 453|0x0000000738a00000, 0x0000000738a00000, 0x0000000738c00000|  0%| F|  |TAMS 0x0000000738a00000| PB 0x0000000738a00000| Untracked 
| 454|0x0000000738c00000, 0x0000000738c00000, 0x0000000738e00000|  0%| F|  |TAMS 0x0000000738c00000| PB 0x0000000738c00000| Untracked 
| 455|0x0000000738e00000, 0x0000000738e00000, 0x0000000739000000|  0%| F|  |TAMS 0x0000000738e00000| PB 0x0000000738e00000| Untracked 
| 456|0x0000000739000000, 0x0000000739000000, 0x0000000739200000|  0%| F|  |TAMS 0x0000000739000000| PB 0x0000000739000000| Untracked 
| 457|0x0000000739200000, 0x0000000739200000, 0x0000000739400000|  0%| F|  |TAMS 0x0000000739200000| PB 0x0000000739200000| Untracked 
| 458|0x0000000739400000, 0x0000000739400000, 0x0000000739600000|  0%| F|  |TAMS 0x0000000739400000| PB 0x0000000739400000| Untracked 
| 459|0x0000000739600000, 0x0000000739600000, 0x0000000739800000|  0%| F|  |TAMS 0x0000000739600000| PB 0x0000000739600000| Untracked 
| 460|0x0000000739800000, 0x0000000739800000, 0x0000000739a00000|  0%| F|  |TAMS 0x0000000739800000| PB 0x0000000739800000| Untracked 
| 461|0x0000000739a00000, 0x0000000739a00000, 0x0000000739c00000|  0%| F|  |TAMS 0x0000000739a00000| PB 0x0000000739a00000| Untracked 
| 462|0x0000000739c00000, 0x0000000739c00000, 0x0000000739e00000|  0%| F|  |TAMS 0x0000000739c00000| PB 0x0000000739c00000| Untracked 
| 463|0x0000000739e00000, 0x0000000739e00000, 0x000000073a000000|  0%| F|  |TAMS 0x0000000739e00000| PB 0x0000000739e00000| Untracked 
| 464|0x000000073a000000, 0x000000073a000000, 0x000000073a200000|  0%| F|  |TAMS 0x000000073a000000| PB 0x000000073a000000| Untracked 
| 465|0x000000073a200000, 0x000000073a200000, 0x000000073a400000|  0%| F|  |TAMS 0x000000073a200000| PB 0x000000073a200000| Untracked 
| 466|0x000000073a400000, 0x000000073a400000, 0x000000073a600000|  0%| F|  |TAMS 0x000000073a400000| PB 0x000000073a400000| Untracked 
| 467|0x000000073a600000, 0x000000073a600000, 0x000000073a800000|  0%| F|  |TAMS 0x000000073a600000| PB 0x000000073a600000| Untracked 
| 468|0x000000073a800000, 0x000000073a800000, 0x000000073aa00000|  0%| F|  |TAMS 0x000000073a800000| PB 0x000000073a800000| Untracked 
| 469|0x000000073aa00000, 0x000000073aa00000, 0x000000073ac00000|  0%| F|  |TAMS 0x000000073aa00000| PB 0x000000073aa00000| Untracked 
| 470|0x000000073ac00000, 0x000000073ac00000, 0x000000073ae00000|  0%| F|  |TAMS 0x000000073ac00000| PB 0x000000073ac00000| Untracked 
| 471|0x000000073ae00000, 0x000000073ae00000, 0x000000073b000000|  0%| F|  |TAMS 0x000000073ae00000| PB 0x000000073ae00000| Untracked 
| 472|0x000000073b000000, 0x000000073b000000, 0x000000073b200000|  0%| F|  |TAMS 0x000000073b000000| PB 0x000000073b000000| Untracked 
| 473|0x000000073b200000, 0x000000073b200000, 0x000000073b400000|  0%| F|  |TAMS 0x000000073b200000| PB 0x000000073b200000| Untracked 
| 474|0x000000073b400000, 0x000000073b400000, 0x000000073b600000|  0%| F|  |TAMS 0x000000073b400000| PB 0x000000073b400000| Untracked 
| 475|0x000000073b600000, 0x000000073b600000, 0x000000073b800000|  0%| F|  |TAMS 0x000000073b600000| PB 0x000000073b600000| Untracked 
| 476|0x000000073b800000, 0x000000073b800000, 0x000000073ba00000|  0%| F|  |TAMS 0x000000073b800000| PB 0x000000073b800000| Untracked 
| 477|0x000000073ba00000, 0x000000073ba00000, 0x000000073bc00000|  0%| F|  |TAMS 0x000000073ba00000| PB 0x000000073ba00000| Untracked 
| 478|0x000000073bc00000, 0x000000073bc00000, 0x000000073be00000|  0%| F|  |TAMS 0x000000073bc00000| PB 0x000000073bc00000| Untracked 
| 479|0x000000073be00000, 0x000000073be00000, 0x000000073c000000|  0%| F|  |TAMS 0x000000073be00000| PB 0x000000073be00000| Untracked 
| 480|0x000000073c000000, 0x000000073c000000, 0x000000073c200000|  0%| F|  |TAMS 0x000000073c000000| PB 0x000000073c000000| Untracked 
| 481|0x000000073c200000, 0x000000073c200000, 0x000000073c400000|  0%| F|  |TAMS 0x000000073c200000| PB 0x000000073c200000| Untracked 
| 482|0x000000073c400000, 0x000000073c400000, 0x000000073c600000|  0%| F|  |TAMS 0x000000073c400000| PB 0x000000073c400000| Untracked 
| 483|0x000000073c600000, 0x000000073c600000, 0x000000073c800000|  0%| F|  |TAMS 0x000000073c600000| PB 0x000000073c600000| Untracked 
| 484|0x000000073c800000, 0x000000073c800000, 0x000000073ca00000|  0%| F|  |TAMS 0x000000073c800000| PB 0x000000073c800000| Untracked 
| 485|0x000000073ca00000, 0x000000073ca00000, 0x000000073cc00000|  0%| F|  |TAMS 0x000000073ca00000| PB 0x000000073ca00000| Untracked 
| 486|0x000000073cc00000, 0x000000073cc00000, 0x000000073ce00000|  0%| F|  |TAMS 0x000000073cc00000| PB 0x000000073cc00000| Untracked 
| 487|0x000000073ce00000, 0x000000073ce00000, 0x000000073d000000|  0%| F|  |TAMS 0x000000073ce00000| PB 0x000000073ce00000| Untracked 
| 488|0x000000073d000000, 0x000000073d000000, 0x000000073d200000|  0%| F|  |TAMS 0x000000073d000000| PB 0x000000073d000000| Untracked 
| 489|0x000000073d200000, 0x000000073d200000, 0x000000073d400000|  0%| F|  |TAMS 0x000000073d200000| PB 0x000000073d200000| Untracked 
| 490|0x000000073d400000, 0x000000073d400000, 0x000000073d600000|  0%| F|  |TAMS 0x000000073d400000| PB 0x000000073d400000| Untracked 
| 491|0x000000073d600000, 0x000000073d600000, 0x000000073d800000|  0%| F|  |TAMS 0x000000073d600000| PB 0x000000073d600000| Untracked 
| 492|0x000000073d800000, 0x000000073d800000, 0x000000073da00000|  0%| F|  |TAMS 0x000000073d800000| PB 0x000000073d800000| Untracked 
| 493|0x000000073da00000, 0x000000073da00000, 0x000000073dc00000|  0%| F|  |TAMS 0x000000073da00000| PB 0x000000073da00000| Untracked 
| 494|0x000000073dc00000, 0x000000073dc00000, 0x000000073de00000|  0%| F|  |TAMS 0x000000073dc00000| PB 0x000000073dc00000| Untracked 
| 495|0x000000073de00000, 0x000000073de00000, 0x000000073e000000|  0%| F|  |TAMS 0x000000073de00000| PB 0x000000073de00000| Untracked 
| 496|0x000000073e000000, 0x000000073e000000, 0x000000073e200000|  0%| F|  |TAMS 0x000000073e000000| PB 0x000000073e000000| Untracked 
| 497|0x000000073e200000, 0x000000073e200000, 0x000000073e400000|  0%| F|  |TAMS 0x000000073e200000| PB 0x000000073e200000| Untracked 
| 498|0x000000073e400000, 0x000000073e400000, 0x000000073e600000|  0%| F|  |TAMS 0x000000073e400000| PB 0x000000073e400000| Untracked 
| 499|0x000000073e600000, 0x000000073e600000, 0x000000073e800000|  0%| F|  |TAMS 0x000000073e600000| PB 0x000000073e600000| Untracked 
| 500|0x000000073e800000, 0x000000073e800000, 0x000000073ea00000|  0%| F|  |TAMS 0x000000073e800000| PB 0x000000073e800000| Untracked 
| 501|0x000000073ea00000, 0x000000073ea00000, 0x000000073ec00000|  0%| F|  |TAMS 0x000000073ea00000| PB 0x000000073ea00000| Untracked 
| 502|0x000000073ec00000, 0x000000073ec00000, 0x000000073ee00000|  0%| F|  |TAMS 0x000000073ec00000| PB 0x000000073ec00000| Untracked 
| 503|0x000000073ee00000, 0x000000073ee00000, 0x000000073f000000|  0%| F|  |TAMS 0x000000073ee00000| PB 0x000000073ee00000| Untracked 
| 504|0x000000073f000000, 0x000000073f000000, 0x000000073f200000|  0%| F|  |TAMS 0x000000073f000000| PB 0x000000073f000000| Untracked 
| 505|0x000000073f200000, 0x000000073f200000, 0x000000073f400000|  0%| F|  |TAMS 0x000000073f200000| PB 0x000000073f200000| Untracked 
| 506|0x000000073f400000, 0x000000073f400000, 0x000000073f600000|  0%| F|  |TAMS 0x000000073f400000| PB 0x000000073f400000| Untracked 
| 507|0x000000073f600000, 0x000000073f600000, 0x000000073f800000|  0%| F|  |TAMS 0x000000073f600000| PB 0x000000073f600000| Untracked 
| 508|0x000000073f800000, 0x000000073f800000, 0x000000073fa00000|  0%| F|  |TAMS 0x000000073f800000| PB 0x000000073f800000| Untracked 
| 509|0x000000073fa00000, 0x000000073fa00000, 0x000000073fc00000|  0%| F|  |TAMS 0x000000073fa00000| PB 0x000000073fa00000| Untracked 
| 510|0x000000073fc00000, 0x000000073fc00000, 0x000000073fe00000|  0%| F|  |TAMS 0x000000073fc00000| PB 0x000000073fc00000| Untracked 
| 511|0x000000073fe00000, 0x000000073fe00000, 0x0000000740000000|  0%| F|  |TAMS 0x000000073fe00000| PB 0x000000073fe00000| Untracked 
| 512|0x0000000740000000, 0x0000000740000000, 0x0000000740200000|  0%| F|  |TAMS 0x0000000740000000| PB 0x0000000740000000| Untracked 
| 513|0x0000000740200000, 0x0000000740200000, 0x0000000740400000|  0%| F|  |TAMS 0x0000000740200000| PB 0x0000000740200000| Untracked 
| 514|0x0000000740400000, 0x0000000740400000, 0x0000000740600000|  0%| F|  |TAMS 0x0000000740400000| PB 0x0000000740400000| Untracked 
| 515|0x0000000740600000, 0x0000000740600000, 0x0000000740800000|  0%| F|  |TAMS 0x0000000740600000| PB 0x0000000740600000| Untracked 
| 516|0x0000000740800000, 0x0000000740800000, 0x0000000740a00000|  0%| F|  |TAMS 0x0000000740800000| PB 0x0000000740800000| Untracked 
| 517|0x0000000740a00000, 0x0000000740a00000, 0x0000000740c00000|  0%| F|  |TAMS 0x0000000740a00000| PB 0x0000000740a00000| Untracked 
| 518|0x0000000740c00000, 0x0000000740c00000, 0x0000000740e00000|  0%| F|  |TAMS 0x0000000740c00000| PB 0x0000000740c00000| Untracked 
| 519|0x0000000740e00000, 0x0000000740e00000, 0x0000000741000000|  0%| F|  |TAMS 0x0000000740e00000| PB 0x0000000740e00000| Untracked 
| 520|0x0000000741000000, 0x0000000741000000, 0x0000000741200000|  0%| F|  |TAMS 0x0000000741000000| PB 0x0000000741000000| Untracked 
| 521|0x0000000741200000, 0x0000000741200000, 0x0000000741400000|  0%| F|  |TAMS 0x0000000741200000| PB 0x0000000741200000| Untracked 
| 522|0x0000000741400000, 0x0000000741400000, 0x0000000741600000|  0%| F|  |TAMS 0x0000000741400000| PB 0x0000000741400000| Untracked 
| 523|0x0000000741600000, 0x0000000741600000, 0x0000000741800000|  0%| F|  |TAMS 0x0000000741600000| PB 0x0000000741600000| Untracked 
| 524|0x0000000741800000, 0x0000000741800000, 0x0000000741a00000|  0%| F|  |TAMS 0x0000000741800000| PB 0x0000000741800000| Untracked 
| 525|0x0000000741a00000, 0x0000000741a00000, 0x0000000741c00000|  0%| F|  |TAMS 0x0000000741a00000| PB 0x0000000741a00000| Untracked 
| 526|0x0000000741c00000, 0x0000000741c00000, 0x0000000741e00000|  0%| F|  |TAMS 0x0000000741c00000| PB 0x0000000741c00000| Untracked 
| 527|0x0000000741e00000, 0x0000000741e00000, 0x0000000742000000|  0%| F|  |TAMS 0x0000000741e00000| PB 0x0000000741e00000| Untracked 
| 528|0x0000000742000000, 0x0000000742000000, 0x0000000742200000|  0%| F|  |TAMS 0x0000000742000000| PB 0x0000000742000000| Untracked 
| 529|0x0000000742200000, 0x0000000742200000, 0x0000000742400000|  0%| F|  |TAMS 0x0000000742200000| PB 0x0000000742200000| Untracked 
| 530|0x0000000742400000, 0x0000000742400000, 0x0000000742600000|  0%| F|  |TAMS 0x0000000742400000| PB 0x0000000742400000| Untracked 
| 531|0x0000000742600000, 0x0000000742600000, 0x0000000742800000|  0%| F|  |TAMS 0x0000000742600000| PB 0x0000000742600000| Untracked 
| 532|0x0000000742800000, 0x0000000742800000, 0x0000000742a00000|  0%| F|  |TAMS 0x0000000742800000| PB 0x0000000742800000| Untracked 
| 533|0x0000000742a00000, 0x0000000742a00000, 0x0000000742c00000|  0%| F|  |TAMS 0x0000000742a00000| PB 0x0000000742a00000| Untracked 
| 534|0x0000000742c00000, 0x0000000742c00000, 0x0000000742e00000|  0%| F|  |TAMS 0x0000000742c00000| PB 0x0000000742c00000| Untracked 
| 535|0x0000000742e00000, 0x0000000742e00000, 0x0000000743000000|  0%| F|  |TAMS 0x0000000742e00000| PB 0x0000000742e00000| Untracked 
| 536|0x0000000743000000, 0x0000000743000000, 0x0000000743200000|  0%| F|  |TAMS 0x0000000743000000| PB 0x0000000743000000| Untracked 
| 537|0x0000000743200000, 0x0000000743200000, 0x0000000743400000|  0%| F|  |TAMS 0x0000000743200000| PB 0x0000000743200000| Untracked 
| 538|0x0000000743400000, 0x0000000743400000, 0x0000000743600000|  0%| F|  |TAMS 0x0000000743400000| PB 0x0000000743400000| Untracked 
| 539|0x0000000743600000, 0x0000000743600000, 0x0000000743800000|  0%| F|  |TAMS 0x0000000743600000| PB 0x0000000743600000| Untracked 
| 540|0x0000000743800000, 0x0000000743800000, 0x0000000743a00000|  0%| F|  |TAMS 0x0000000743800000| PB 0x0000000743800000| Untracked 
| 541|0x0000000743a00000, 0x0000000743a00000, 0x0000000743c00000|  0%| F|  |TAMS 0x0000000743a00000| PB 0x0000000743a00000| Untracked 
| 542|0x0000000743c00000, 0x0000000743c00000, 0x0000000743e00000|  0%| F|  |TAMS 0x0000000743c00000| PB 0x0000000743c00000| Untracked 
| 543|0x0000000743e00000, 0x0000000743e00000, 0x0000000744000000|  0%| F|  |TAMS 0x0000000743e00000| PB 0x0000000743e00000| Untracked 
| 544|0x0000000744000000, 0x0000000744000000, 0x0000000744200000|  0%| F|  |TAMS 0x0000000744000000| PB 0x0000000744000000| Untracked 
| 545|0x0000000744200000, 0x0000000744200000, 0x0000000744400000|  0%| F|  |TAMS 0x0000000744200000| PB 0x0000000744200000| Untracked 
| 546|0x0000000744400000, 0x0000000744400000, 0x0000000744600000|  0%| F|  |TAMS 0x0000000744400000| PB 0x0000000744400000| Untracked 
| 547|0x0000000744600000, 0x0000000744600000, 0x0000000744800000|  0%| F|  |TAMS 0x0000000744600000| PB 0x0000000744600000| Untracked 
| 548|0x0000000744800000, 0x0000000744800000, 0x0000000744a00000|  0%| F|  |TAMS 0x0000000744800000| PB 0x0000000744800000| Untracked 
| 549|0x0000000744a00000, 0x0000000744a00000, 0x0000000744c00000|  0%| F|  |TAMS 0x0000000744a00000| PB 0x0000000744a00000| Untracked 
| 550|0x0000000744c00000, 0x0000000744c00000, 0x0000000744e00000|  0%| F|  |TAMS 0x0000000744c00000| PB 0x0000000744c00000| Untracked 
| 551|0x0000000744e00000, 0x0000000744e00000, 0x0000000745000000|  0%| F|  |TAMS 0x0000000744e00000| PB 0x0000000744e00000| Untracked 
| 552|0x0000000745000000, 0x0000000745000000, 0x0000000745200000|  0%| F|  |TAMS 0x0000000745000000| PB 0x0000000745000000| Untracked 
| 553|0x0000000745200000, 0x0000000745200000, 0x0000000745400000|  0%| F|  |TAMS 0x0000000745200000| PB 0x0000000745200000| Untracked 
| 554|0x0000000745400000, 0x0000000745400000, 0x0000000745600000|  0%| F|  |TAMS 0x0000000745400000| PB 0x0000000745400000| Untracked 
| 555|0x0000000745600000, 0x0000000745600000, 0x0000000745800000|  0%| F|  |TAMS 0x0000000745600000| PB 0x0000000745600000| Untracked 
| 556|0x0000000745800000, 0x0000000745800000, 0x0000000745a00000|  0%| F|  |TAMS 0x0000000745800000| PB 0x0000000745800000| Untracked 
| 557|0x0000000745a00000, 0x0000000745a00000, 0x0000000745c00000|  0%| F|  |TAMS 0x0000000745a00000| PB 0x0000000745a00000| Untracked 
| 558|0x0000000745c00000, 0x0000000745c00000, 0x0000000745e00000|  0%| F|  |TAMS 0x0000000745c00000| PB 0x0000000745c00000| Untracked 
| 559|0x0000000745e00000, 0x0000000745e00000, 0x0000000746000000|  0%| F|  |TAMS 0x0000000745e00000| PB 0x0000000745e00000| Untracked 
| 560|0x0000000746000000, 0x0000000746000000, 0x0000000746200000|  0%| F|  |TAMS 0x0000000746000000| PB 0x0000000746000000| Untracked 
| 561|0x0000000746200000, 0x0000000746200000, 0x0000000746400000|  0%| F|  |TAMS 0x0000000746200000| PB 0x0000000746200000| Untracked 
| 562|0x0000000746400000, 0x0000000746400000, 0x0000000746600000|  0%| F|  |TAMS 0x0000000746400000| PB 0x0000000746400000| Untracked 
| 563|0x0000000746600000, 0x0000000746600000, 0x0000000746800000|  0%| F|  |TAMS 0x0000000746600000| PB 0x0000000746600000| Untracked 
| 564|0x0000000746800000, 0x0000000746800000, 0x0000000746a00000|  0%| F|  |TAMS 0x0000000746800000| PB 0x0000000746800000| Untracked 
| 565|0x0000000746a00000, 0x0000000746a00000, 0x0000000746c00000|  0%| F|  |TAMS 0x0000000746a00000| PB 0x0000000746a00000| Untracked 
| 566|0x0000000746c00000, 0x0000000746c00000, 0x0000000746e00000|  0%| F|  |TAMS 0x0000000746c00000| PB 0x0000000746c00000| Untracked 
| 567|0x0000000746e00000, 0x0000000746e00000, 0x0000000747000000|  0%| F|  |TAMS 0x0000000746e00000| PB 0x0000000746e00000| Untracked 
| 568|0x0000000747000000, 0x0000000747000000, 0x0000000747200000|  0%| F|  |TAMS 0x0000000747000000| PB 0x0000000747000000| Untracked 
| 569|0x0000000747200000, 0x0000000747200000, 0x0000000747400000|  0%| F|  |TAMS 0x0000000747200000| PB 0x0000000747200000| Untracked 
| 570|0x0000000747400000, 0x0000000747400000, 0x0000000747600000|  0%| F|  |TAMS 0x0000000747400000| PB 0x0000000747400000| Untracked 
| 571|0x0000000747600000, 0x0000000747600000, 0x0000000747800000|  0%| F|  |TAMS 0x0000000747600000| PB 0x0000000747600000| Untracked 
| 572|0x0000000747800000, 0x0000000747800000, 0x0000000747a00000|  0%| F|  |TAMS 0x0000000747800000| PB 0x0000000747800000| Untracked 
| 573|0x0000000747a00000, 0x0000000747a00000, 0x0000000747c00000|  0%| F|  |TAMS 0x0000000747a00000| PB 0x0000000747a00000| Untracked 
| 574|0x0000000747c00000, 0x0000000747c00000, 0x0000000747e00000|  0%| F|  |TAMS 0x0000000747c00000| PB 0x0000000747c00000| Untracked 
| 575|0x0000000747e00000, 0x0000000747e00000, 0x0000000748000000|  0%| F|  |TAMS 0x0000000747e00000| PB 0x0000000747e00000| Untracked 
| 576|0x0000000748000000, 0x0000000748000000, 0x0000000748200000|  0%| F|  |TAMS 0x0000000748000000| PB 0x0000000748000000| Untracked 
| 577|0x0000000748200000, 0x0000000748200000, 0x0000000748400000|  0%| F|  |TAMS 0x0000000748200000| PB 0x0000000748200000| Untracked 
| 578|0x0000000748400000, 0x0000000748400000, 0x0000000748600000|  0%| F|  |TAMS 0x0000000748400000| PB 0x0000000748400000| Untracked 
| 579|0x0000000748600000, 0x0000000748600000, 0x0000000748800000|  0%| F|  |TAMS 0x0000000748600000| PB 0x0000000748600000| Untracked 
| 580|0x0000000748800000, 0x0000000748800000, 0x0000000748a00000|  0%| F|  |TAMS 0x0000000748800000| PB 0x0000000748800000| Untracked 
| 581|0x0000000748a00000, 0x0000000748a00000, 0x0000000748c00000|  0%| F|  |TAMS 0x0000000748a00000| PB 0x0000000748a00000| Untracked 
| 582|0x0000000748c00000, 0x0000000748c00000, 0x0000000748e00000|  0%| F|  |TAMS 0x0000000748c00000| PB 0x0000000748c00000| Untracked 
| 583|0x0000000748e00000, 0x0000000748e00000, 0x0000000749000000|  0%| F|  |TAMS 0x0000000748e00000| PB 0x0000000748e00000| Untracked 
| 584|0x0000000749000000, 0x0000000749000000, 0x0000000749200000|  0%| F|  |TAMS 0x0000000749000000| PB 0x0000000749000000| Untracked 
| 585|0x0000000749200000, 0x0000000749200000, 0x0000000749400000|  0%| F|  |TAMS 0x0000000749200000| PB 0x0000000749200000| Untracked 
| 586|0x0000000749400000, 0x0000000749400000, 0x0000000749600000|  0%| F|  |TAMS 0x0000000749400000| PB 0x0000000749400000| Untracked 
| 587|0x0000000749600000, 0x0000000749600000, 0x0000000749800000|  0%| F|  |TAMS 0x0000000749600000| PB 0x0000000749600000| Untracked 
| 588|0x0000000749800000, 0x0000000749800000, 0x0000000749a00000|  0%| F|  |TAMS 0x0000000749800000| PB 0x0000000749800000| Untracked 
| 589|0x0000000749a00000, 0x0000000749a00000, 0x0000000749c00000|  0%| F|  |TAMS 0x0000000749a00000| PB 0x0000000749a00000| Untracked 
| 590|0x0000000749c00000, 0x0000000749c00000, 0x0000000749e00000|  0%| F|  |TAMS 0x0000000749c00000| PB 0x0000000749c00000| Untracked 
| 591|0x0000000749e00000, 0x0000000749e00000, 0x000000074a000000|  0%| F|  |TAMS 0x0000000749e00000| PB 0x0000000749e00000| Untracked 
| 592|0x000000074a000000, 0x000000074a000000, 0x000000074a200000|  0%| F|  |TAMS 0x000000074a000000| PB 0x000000074a000000| Untracked 
| 593|0x000000074a200000, 0x000000074a200000, 0x000000074a400000|  0%| F|  |TAMS 0x000000074a200000| PB 0x000000074a200000| Untracked 
| 594|0x000000074a400000, 0x000000074a400000, 0x000000074a600000|  0%| F|  |TAMS 0x000000074a400000| PB 0x000000074a400000| Untracked 
| 595|0x000000074a600000, 0x000000074a600000, 0x000000074a800000|  0%| F|  |TAMS 0x000000074a600000| PB 0x000000074a600000| Untracked 
| 596|0x000000074a800000, 0x000000074a800000, 0x000000074aa00000|  0%| F|  |TAMS 0x000000074a800000| PB 0x000000074a800000| Untracked 
| 597|0x000000074aa00000, 0x000000074aa00000, 0x000000074ac00000|  0%| F|  |TAMS 0x000000074aa00000| PB 0x000000074aa00000| Untracked 
| 598|0x000000074ac00000, 0x000000074ac00000, 0x000000074ae00000|  0%| F|  |TAMS 0x000000074ac00000| PB 0x000000074ac00000| Untracked 
| 599|0x000000074ae00000, 0x000000074ae00000, 0x000000074b000000|  0%| F|  |TAMS 0x000000074ae00000| PB 0x000000074ae00000| Untracked 
| 600|0x000000074b000000, 0x000000074b000000, 0x000000074b200000|  0%| F|  |TAMS 0x000000074b000000| PB 0x000000074b000000| Untracked 
| 601|0x000000074b200000, 0x000000074b200000, 0x000000074b400000|  0%| F|  |TAMS 0x000000074b200000| PB 0x000000074b200000| Untracked 
| 602|0x000000074b400000, 0x000000074b400000, 0x000000074b600000|  0%| F|  |TAMS 0x000000074b400000| PB 0x000000074b400000| Untracked 
| 603|0x000000074b600000, 0x000000074b600000, 0x000000074b800000|  0%| F|  |TAMS 0x000000074b600000| PB 0x000000074b600000| Untracked 
| 604|0x000000074b800000, 0x000000074b800000, 0x000000074ba00000|  0%| F|  |TAMS 0x000000074b800000| PB 0x000000074b800000| Untracked 
| 605|0x000000074ba00000, 0x000000074ba00000, 0x000000074bc00000|  0%| F|  |TAMS 0x000000074ba00000| PB 0x000000074ba00000| Untracked 
| 606|0x000000074bc00000, 0x000000074bc00000, 0x000000074be00000|  0%| F|  |TAMS 0x000000074bc00000| PB 0x000000074bc00000| Untracked 
| 607|0x000000074be00000, 0x000000074be00000, 0x000000074c000000|  0%| F|  |TAMS 0x000000074be00000| PB 0x000000074be00000| Untracked 
|2017|0x00000007fc200000, 0x00000007fc400000, 0x00000007fc400000|100%| O|  |TAMS 0x00000007fc400000| PB 0x00000007fc200000| Untracked 
|2018|0x00000007fc400000, 0x00000007fc400000, 0x00000007fc600000|  0%| F|  |TAMS 0x00000007fc400000| PB 0x00000007fc400000| Untracked 
|2019|0x00000007fc600000, 0x00000007fc600000, 0x00000007fc800000|  0%| F|  |TAMS 0x00000007fc600000| PB 0x00000007fc600000| Untracked 
|2020|0x00000007fc800000, 0x00000007fc800000, 0x00000007fca00000|  0%| F|  |TAMS 0x00000007fc800000| PB 0x00000007fc800000| Untracked 
|2021|0x00000007fca00000, 0x00000007fca00000, 0x00000007fcc00000|  0%| F|  |TAMS 0x00000007fca00000| PB 0x00000007fca00000| Untracked 
|2022|0x00000007fcc00000, 0x00000007fcca91c8, 0x00000007fce00000| 33%| S|CS|TAMS 0x00000007fcc00000| PB 0x00000007fcc00000| Complete 
|2023|0x00000007fce00000, 0x00000007fd000000, 0x00000007fd000000|100%| S|CS|TAMS 0x00000007fce00000| PB 0x00000007fce00000| Complete 
|2024|0x00000007fd000000, 0x00000007fd200000, 0x00000007fd200000|100%| S|CS|TAMS 0x00000007fd000000| PB 0x00000007fd000000| Complete 
|2025|0x00000007fd200000, 0x00000007fd200000, 0x00000007fd400000|  0%| F|  |TAMS 0x00000007fd200000| PB 0x00000007fd200000| Untracked 
|2026|0x00000007fd400000, 0x00000007fd400000, 0x00000007fd600000|  0%| F|  |TAMS 0x00000007fd400000| PB 0x00000007fd400000| Untracked 
|2027|0x00000007fd600000, 0x00000007fd600000, 0x00000007fd800000|  0%| F|  |TAMS 0x00000007fd600000| PB 0x00000007fd600000| Untracked 
|2028|0x00000007fd800000, 0x00000007fda00000, 0x00000007fda00000|100%| O|  |TAMS 0x00000007fda00000| PB 0x00000007fd800000| Untracked 
|2029|0x00000007fda00000, 0x00000007fdc00000, 0x00000007fdc00000|100%| O|  |TAMS 0x00000007fdc00000| PB 0x00000007fda00000| Untracked 
|2030|0x00000007fdc00000, 0x00000007fde00000, 0x00000007fde00000|100%| O|  |TAMS 0x00000007fde00000| PB 0x00000007fdc00000| Untracked 
|2031|0x00000007fde00000, 0x00000007fe000000, 0x00000007fe000000|100%| O|  |TAMS 0x00000007fe000000| PB 0x00000007fde00000| Untracked 
|2032|0x00000007fe000000, 0x00000007fe200000, 0x00000007fe200000|100%| O|  |TAMS 0x00000007fe200000| PB 0x00000007fe000000| Untracked 
|2033|0x00000007fe200000, 0x00000007fe400000, 0x00000007fe400000|100%| O|  |TAMS 0x00000007fe400000| PB 0x00000007fe200000| Untracked 
|2034|0x00000007fe400000, 0x00000007fe600000, 0x00000007fe600000|100%| O|  |TAMS 0x00000007fe600000| PB 0x00000007fe400000| Untracked 
|2035|0x00000007fe600000, 0x00000007fe800000, 0x00000007fe800000|100%| O|  |TAMS 0x00000007fe800000| PB 0x00000007fe600000| Untracked 
|2036|0x00000007fe800000, 0x00000007fe800000, 0x00000007fea00000|  0%| F|  |TAMS 0x00000007fe800000| PB 0x00000007fe800000| Untracked 
|2037|0x00000007fea00000, 0x00000007fea00000, 0x00000007fec00000|  0%| F|  |TAMS 0x00000007fea00000| PB 0x00000007fea00000| Untracked 
|2038|0x00000007fec00000, 0x00000007fec00000, 0x00000007fee00000|  0%| F|  |TAMS 0x00000007fec00000| PB 0x00000007fec00000| Untracked 
|2039|0x00000007fee00000, 0x00000007fee00000, 0x00000007ff000000|  0%| F|  |TAMS 0x00000007fee00000| PB 0x00000007fee00000| Untracked 
|2040|0x00000007ff000000, 0x00000007ff000000, 0x00000007ff200000|  0%| F|  |TAMS 0x00000007ff000000| PB 0x00000007ff000000| Untracked 
|2041|0x00000007ff200000, 0x00000007ff200000, 0x00000007ff400000|  0%| F|  |TAMS 0x00000007ff200000| PB 0x00000007ff200000| Untracked 
|2042|0x00000007ff400000, 0x00000007ff400000, 0x00000007ff600000|  0%| F|  |TAMS 0x00000007ff400000| PB 0x00000007ff400000| Untracked 
|2043|0x00000007ff600000, 0x00000007ff600000, 0x00000007ff800000|  0%| F|  |TAMS 0x00000007ff600000| PB 0x00000007ff600000| Untracked 
|2044|0x00000007ff800000, 0x00000007ffa00000, 0x00000007ffa00000|100%| O|  |TAMS 0x00000007ffa00000| PB 0x00000007ff800000| Untracked 
|2045|0x00000007ffa00000, 0x00000007ffa00000, 0x00000007ffc00000|  0%| F|  |TAMS 0x00000007ffa00000| PB 0x00000007ffa00000| Untracked 
|2046|0x00000007ffc00000, 0x00000007ffc00000, 0x00000007ffe00000|  0%| F|  |TAMS 0x00000007ffc00000| PB 0x00000007ffc00000| Untracked 
|2047|0x00000007ffe00000, 0x00000007ffe00000, 0x0000000800000000|  0%| F|  |TAMS 0x00000007ffe00000| PB 0x00000007ffe00000| Untracked 

Card table byte_map: [0x000001b77a5c0000,0x000001b77adc0000] _byte_map_base: 0x000001b776dc0000

Marking Bits: (CMBitMap*) 0x000001b7768fb8d0
 Bits: [0x000001b77adc0000, 0x000001b77edc0000)

Polling page: 0x000001b774bd0000

Metaspace:

Usage:
  Non-class:    200.11 MB used.
      Class:     29.43 MB used.
       Both:    229.54 MB used.

Virtual space:
  Non-class space:      256.00 MB reserved,     201.56 MB ( 79%) committed,  4 nodes.
      Class space:      416.00 MB reserved,      30.88 MB (  7%) committed,  1 nodes.
             Both:      672.00 MB reserved,     232.44 MB ( 35%) committed. 

Chunk freelists:
   Non-Class:  6.20 MB
       Class:  1.17 MB
        Both:  7.38 MB

MaxMetaspaceSize: 512.00 MB
CompressedClassSpaceSize: 416.00 MB
Initial GC threshold: 21.00 MB
Current GC threshold: 387.31 MB
CDS: on
 - commit_granule_bytes: 65536.
 - commit_granule_words: 8192.
 - virtual_space_node_default_size: 8388608.
 - enlarge_chunks_in_place: 1.
 - use_allocation_guard: 0.


Internal statistics:

num_allocs_failed_limit: 9.
num_arena_births: 5318.
num_arena_deaths: 34.
num_vsnodes_births: 5.
num_vsnodes_deaths: 0.
num_space_committed: 3714.
num_space_uncommitted: 0.
num_chunks_returned_to_freelist: 54.
num_chunks_taken_from_freelist: 15043.
num_chunk_merges: 16.
num_chunk_splits: 10526.
num_chunks_enlarged: 7545.
num_inconsistent_stats: 0.

CodeHeap 'non-profiled nmethods': size=120000Kb used=15765Kb max_used=17134Kb free=104234Kb
 bounds [0x000001b707ad0000, 0x000001b708c50000, 0x000001b70f000000]
CodeHeap 'profiled nmethods': size=120000Kb used=14178Kb max_used=54361Kb free=105821Kb
 bounds [0x000001b700000000, 0x000001b703520000, 0x000001b707530000]
CodeHeap 'non-nmethods': size=5760Kb used=2883Kb max_used=2934Kb free=2877Kb
 bounds [0x000001b707530000, 0x000001b707820000, 0x000001b707ad0000]
CodeCache: size=245760Kb, used=32826Kb, max_used=74429Kb, free=212932Kb
 total_blobs=9582, nmethods=8287, adapters=1194, full_count=0
Compilation: enabled, stopped_count=0, restarted_count=0

Compilation events (20 events):
Event: 1405.935 Thread 0x000001b74af69ae0 nmethod 46124 0x000001b7085db710 code [0x000001b7085db9c0, 0x000001b7085dc960]
Event: 1405.935 Thread 0x000001b74af69ae0 46125   !   4       com.android.tools.r8.graph.w0::a (88 bytes)
Event: 1405.940 Thread 0x000001b74af6b620 nmethod 46120 0x000001b708820590 code [0x000001b708820860, 0x000001b708821aa0]
Event: 1405.944 Thread 0x000001b74af6b620 46127       4       com.android.tools.r8.internal.fq::a (1 bytes)
Event: 1405.945 Thread 0x000001b74af6b620 nmethod 46127 0x000001b708222490 code [0x000001b708222620, 0x000001b7082226a8]
Event: 1405.963 Thread 0x000001b74af69ae0 nmethod 46125 0x000001b70881e610 code [0x000001b70881e8e0, 0x000001b70881fac0]
Event: 1405.995 Thread 0x000001b74af69ae0 46130       4       com.android.tools.r8.internal.cm::a (1 bytes)
Event: 1405.996 Thread 0x000001b74af69ae0 nmethod 46130 0x000001b70818ff10 code [0x000001b7081900a0, 0x000001b708190128]
Event: 1406.082 Thread 0x000001b74af69ae0 46132       4       com.android.tools.r8.internal.LI::b (21 bytes)
Event: 1406.083 Thread 0x000001b74af69ae0 nmethod 46132 0x000001b70865bc90 code [0x000001b70865be20, 0x000001b70865bef8]
Event: 1406.111 Thread 0x000001b74af69ae0 46135       4       com.android.tools.r8.internal.Re::b (48 bytes)
Event: 1406.112 Thread 0x000001b74af69ae0 nmethod 46135 0x000001b70865b890 code [0x000001b70865ba20, 0x000001b70865bb80]
Event: 1406.122 Thread 0x000001b74af69ae0 46136       4       com.android.tools.r8.graph.E2::b (167 bytes)
Event: 1406.216 Thread 0x000001b74af69ae0 nmethod 46136 0x000001b708086a10 code [0x000001b708086de0, 0x000001b7080887a8]
Event: 1406.217 Thread 0x000001b74af69ae0 46141   !   4       java.util.WeakHashMap::expungeStaleEntries (139 bytes)
Event: 1406.217 Thread 0x000001b74af68d40 46142 %     4       com.android.tools.r8.graph.s5::a @ 59 (116 bytes)
Event: 1407.420 Thread 0x000001b74af69ae0 nmethod 46141 0x000001b7085da410 code [0x000001b7085da680, 0x000001b7085db078]
Event: 1407.420 Thread 0x000001b74af68d40 nmethod 46142% 0x000001b708208f10 code [0x000001b708209160, 0x000001b708209b40]
Event: 1407.421 Thread 0x000001b74af69ae0 46146       4       com.android.tools.r8.graph.B1::a (30 bytes)
Event: 1407.421 Thread 0x000001b74af68d40 46150 %     4       com.android.tools.r8.internal.vd::a @ 1446 (4363 bytes)

GC Heap History (20 events):
Event: 1374.480 GC heap after
{Heap after GC invocations=145 (full 0):
 garbage-first heap   total 839680K, used 366581K [0x0000000700000000, 0x0000000800000000)
  region size 2048K, 14 young (28672K), 14 survivors (28672K)
 Metaspace       used 234904K, committed 237824K, reserved 688128K
  class space    used 30135K, committed 31552K, reserved 425984K
}
Event: 1374.921 GC heap before
{Heap before GC invocations=145 (full 0):
 garbage-first heap   total 839680K, used 794613K [0x0000000700000000, 0x0000000800000000)
  region size 2048K, 223 young (456704K), 14 survivors (28672K)
 Metaspace       used 234912K, committed 237824K, reserved 688128K
  class space    used 30135K, committed 31552K, reserved 425984K
}
Event: 1375.041 GC heap after
{Heap after GC invocations=146 (full 0):
 garbage-first heap   total 839680K, used 363422K [0x0000000700000000, 0x0000000800000000)
  region size 2048K, 15 young (30720K), 15 survivors (30720K)
 Metaspace       used 234912K, committed 237824K, reserved 688128K
  class space    used 30135K, committed 31552K, reserved 425984K
}
Event: 1375.878 GC heap before
{Heap before GC invocations=146 (full 0):
 garbage-first heap   total 839680K, used 795550K [0x0000000700000000, 0x0000000800000000)
  region size 2048K, 226 young (462848K), 15 survivors (30720K)
 Metaspace       used 234918K, committed 237824K, reserved 688128K
  class space    used 30136K, committed 31552K, reserved 425984K
}
Event: 1376.028 GC heap after
{Heap after GC invocations=147 (full 0):
 garbage-first heap   total 1308672K, used 364463K [0x0000000700000000, 0x0000000800000000)
  region size 2048K, 16 young (32768K), 16 survivors (32768K)
 Metaspace       used 234918K, committed 237824K, reserved 688128K
  class space    used 30136K, committed 31552K, reserved 425984K
}
Event: 1382.582 GC heap before
{Heap before GC invocations=148 (full 0):
 garbage-first heap   total 1222656K, used 1064879K [0x0000000700000000, 0x0000000800000000)
  region size 2048K, 358 young (733184K), 16 survivors (32768K)
 Metaspace       used 234926K, committed 237824K, reserved 688128K
  class space    used 30136K, committed 31552K, reserved 425984K
}
Event: 1382.713 GC heap after
{Heap after GC invocations=149 (full 0):
 garbage-first heap   total 1222656K, used 362443K [0x0000000700000000, 0x0000000800000000)
  region size 2048K, 15 young (30720K), 15 survivors (30720K)
 Metaspace       used 234926K, committed 237824K, reserved 688128K
  class space    used 30136K, committed 31552K, reserved 425984K
}
Event: 1388.302 GC heap before
{Heap before GC invocations=149 (full 0):
 garbage-first heap   total 1222656K, used 1064907K [0x0000000700000000, 0x0000000800000000)
  region size 2048K, 358 young (733184K), 15 survivors (30720K)
 Metaspace       used 234949K, committed 237888K, reserved 688128K
  class space    used 30138K, committed 31552K, reserved 425984K
}
Event: 1388.401 GC heap after
{Heap after GC invocations=150 (full 0):
 garbage-first heap   total 1222656K, used 356415K [0x0000000700000000, 0x0000000800000000)
  region size 2048K, 16 young (32768K), 16 survivors (32768K)
 Metaspace       used 234949K, committed 237888K, reserved 688128K
  class space    used 30138K, committed 31552K, reserved 425984K
}
Event: 1396.578 GC heap before
{Heap before GC invocations=150 (full 0):
 garbage-first heap   total 1222656K, used 1056831K [0x0000000700000000, 0x0000000800000000)
  region size 2048K, 358 young (733184K), 16 survivors (32768K)
 Metaspace       used 234973K, committed 237952K, reserved 688128K
  class space    used 30140K, committed 31616K, reserved 425984K
}
Event: 1396.702 GC heap after
{Heap after GC invocations=151 (full 0):
 garbage-first heap   total 1222656K, used 360511K [0x0000000700000000, 0x0000000800000000)
  region size 2048K, 18 young (36864K), 18 survivors (36864K)
 Metaspace       used 234973K, committed 237952K, reserved 688128K
  class space    used 30140K, committed 31616K, reserved 425984K
}
Event: 1400.244 GC heap before
{Heap before GC invocations=151 (full 0):
 garbage-first heap   total 1208320K, used 1046591K [0x0000000700000000, 0x0000000800000000)
  region size 2048K, 354 young (724992K), 18 survivors (36864K)
 Metaspace       used 234980K, committed 237952K, reserved 688128K
  class space    used 30140K, committed 31616K, reserved 425984K
}
Event: 1400.537 GC heap after
{Heap after GC invocations=152 (full 0):
 garbage-first heap   total 1208320K, used 356186K [0x0000000700000000, 0x0000000800000000)
  region size 2048K, 16 young (32768K), 16 survivors (32768K)
 Metaspace       used 234980K, committed 237952K, reserved 688128K
  class space    used 30140K, committed 31616K, reserved 425984K
}
Event: 1401.357 GC heap before
{Heap before GC invocations=152 (full 0):
 garbage-first heap   total 1208320K, used 1048410K [0x0000000700000000, 0x0000000800000000)
  region size 2048K, 354 young (724992K), 16 survivors (32768K)
 Metaspace       used 234985K, committed 237952K, reserved 688128K
  class space    used 30140K, committed 31616K, reserved 425984K
}
Event: 1401.393 GC heap after
{Heap after GC invocations=153 (full 0):
 garbage-first heap   total 1208320K, used 362270K [0x0000000700000000, 0x0000000800000000)
  region size 2048K, 18 young (36864K), 18 survivors (36864K)
 Metaspace       used 234985K, committed 237952K, reserved 688128K
  class space    used 30140K, committed 31616K, reserved 425984K
}
Event: 1404.347 GC heap before
{Heap before GC invocations=154 (full 0):
 garbage-first heap   total 1208320K, used 1064734K [0x0000000700000000, 0x0000000800000000)
  region size 2048K, 354 young (724992K), 18 survivors (36864K)
 Metaspace       used 235047K, committed 238016K, reserved 688128K
  class space    used 30140K, committed 31616K, reserved 425984K
}
Event: 1404.608 GC heap after
{Heap after GC invocations=155 (full 0):
 garbage-first heap   total 1208320K, used 351295K [0x0000000700000000, 0x0000000800000000)
  region size 2048K, 13 young (26624K), 13 survivors (26624K)
 Metaspace       used 235047K, committed 238016K, reserved 688128K
  class space    used 30140K, committed 31616K, reserved 425984K
}
Event: 1406.305 GC heap before
{Heap before GC invocations=155 (full 0):
 garbage-first heap   total 1208320K, used 1049663K [0x0000000700000000, 0x0000000800000000)
  region size 2048K, 354 young (724992K), 13 survivors (26624K)
 Metaspace       used 235049K, committed 238016K, reserved 688128K
  class space    used 30140K, committed 31616K, reserved 425984K
}
Event: 1407.263 GC heap after
{Heap after GC invocations=156 (full 0):
 garbage-first heap   total 1208320K, used 344777K [0x0000000700000000, 0x0000000800000000)
  region size 2048K, 15 young (30720K), 15 survivors (30720K)
 Metaspace       used 235049K, committed 238016K, reserved 688128K
  class space    used 30140K, committed 31616K, reserved 425984K
}
Event: 1407.523 GC heap before
{Heap before GC invocations=156 (full 0):
 garbage-first heap   total 1208320K, used 373449K [0x0000000700000000, 0x0000000800000000)
  region size 2048K, 29 young (59392K), 15 survivors (30720K)
 Metaspace       used 235049K, committed 238016K, reserved 688128K
  class space    used 30140K, committed 31616K, reserved 425984K
}

Dll operation events (15 events):
Event: 0.018 Loaded shared library C:\Users\ppmak\.antigravity-ide\extensions\redhat.java-1.54.0-win32-x64\jre\21.0.10-win32-x86_64\bin\java.dll
Event: 0.118 Loaded shared library C:\Users\ppmak\.antigravity-ide\extensions\redhat.java-1.54.0-win32-x64\jre\21.0.10-win32-x86_64\bin\zip.dll
Event: 0.160 Loaded shared library C:\Users\ppmak\.antigravity-ide\extensions\redhat.java-1.54.0-win32-x64\jre\21.0.10-win32-x86_64\bin\instrument.dll
Event: 0.168 Loaded shared library C:\Users\ppmak\.antigravity-ide\extensions\redhat.java-1.54.0-win32-x64\jre\21.0.10-win32-x86_64\bin\net.dll
Event: 0.172 Loaded shared library C:\Users\ppmak\.antigravity-ide\extensions\redhat.java-1.54.0-win32-x64\jre\21.0.10-win32-x86_64\bin\nio.dll
Event: 0.179 Loaded shared library C:\Users\ppmak\.antigravity-ide\extensions\redhat.java-1.54.0-win32-x64\jre\21.0.10-win32-x86_64\bin\zip.dll
Event: 1.169 Loaded shared library C:\Users\ppmak\.antigravity-ide\extensions\redhat.java-1.54.0-win32-x64\jre\21.0.10-win32-x86_64\bin\jimage.dll
Event: 1.935 Loaded shared library C:\Users\ppmak\.antigravity-ide\extensions\redhat.java-1.54.0-win32-x64\jre\21.0.10-win32-x86_64\bin\verify.dll
Event: 2.063 Loaded shared library C:\Users\ppmak\.gradle\native\660c5614fbf4a5f2a75b1949f50a0caf5cd603558e7d8a26e50b933a0cfb79d1\windows-amd64\native-platform.dll
Event: 2.256 Loaded shared library C:\Users\ppmak\.gradle\native\0.2.8\x86_64-windows-gnu\gradle-fileevents.dll
Event: 6.418 Loaded shared library C:\Users\ppmak\.antigravity-ide\extensions\redhat.java-1.54.0-win32-x64\jre\21.0.10-win32-x86_64\bin\management.dll
Event: 6.430 Loaded shared library C:\Users\ppmak\.antigravity-ide\extensions\redhat.java-1.54.0-win32-x64\jre\21.0.10-win32-x86_64\bin\management_ext.dll
Event: 6.916 Loaded shared library C:\Users\ppmak\.antigravity-ide\extensions\redhat.java-1.54.0-win32-x64\jre\21.0.10-win32-x86_64\bin\extnet.dll
Event: 7.602 Loaded shared library C:\Users\ppmak\.antigravity-ide\extensions\redhat.java-1.54.0-win32-x64\jre\21.0.10-win32-x86_64\bin\sunmscapi.dll
Event: 1333.634 Loaded shared library C:\Users\ppmak\.antigravity-ide\extensions\redhat.java-1.54.0-win32-x64\jre\21.0.10-win32-x86_64\bin\rmi.dll

Deoptimization events (20 events):
Event: 1405.357 Thread 0x000001b74b92f170 DEOPT PACKING pc=0x000001b702cae586 sp=0x000000a0cd5f9340
Event: 1405.357 Thread 0x000001b74b92f170 DEOPT UNPACKING pc=0x000001b7075886e2 sp=0x000000a0cd5f8be0 mode 0
Event: 1405.378 Thread 0x000001b74b92f170 DEOPT PACKING pc=0x000001b702cae586 sp=0x000000a0cd5f9320
Event: 1405.378 Thread 0x000001b74b92f170 DEOPT UNPACKING pc=0x000001b7075886e2 sp=0x000000a0cd5f8bc0 mode 0
Event: 1405.451 Thread 0x000001b735bfc050 DEOPT PACKING pc=0x000001b7008c2485 sp=0x000000a0cd1faa50
Event: 1405.451 Thread 0x000001b735bfc050 DEOPT UNPACKING pc=0x000001b7075886e2 sp=0x000000a0cd1f9f70 mode 0
Event: 1405.456 Thread 0x000001b735bfc050 DEOPT PACKING pc=0x000001b7008c2485 sp=0x000000a0cd1faaf0
Event: 1405.456 Thread 0x000001b735bfc050 DEOPT UNPACKING pc=0x000001b7075886e2 sp=0x000000a0cd1fa010 mode 0
Event: 1405.970 Thread 0x000001b74b92f170 Uncommon trap: trap_request=0xffffff45 fr.pc=0x000001b70817e19c relative=0x000000000000013c
Event: 1405.970 Thread 0x000001b74b92f170 Uncommon trap: reason=unstable_if action=reinterpret pc=0x000001b70817e19c method=com.android.tools.r8.internal.Le.a(Lcom/android/tools/r8/internal/vt0;Lcom/android/tools/r8/internal/vt0;)Z @ 21 c2
Event: 1405.970 Thread 0x000001b74b92f170 DEOPT PACKING pc=0x000001b70817e19c sp=0x000000a0cd5f9c00
Event: 1405.970 Thread 0x000001b74b92f170 DEOPT UNPACKING pc=0x000001b707587ba2 sp=0x000000a0cd5f9ba0 mode 2
Event: 1406.004 Thread 0x000001b74b92f170 DEOPT PACKING pc=0x000001b702cae586 sp=0x000000a0cd5f9710
Event: 1406.004 Thread 0x000001b74b92f170 DEOPT UNPACKING pc=0x000001b7075886e2 sp=0x000000a0cd5f8fc8 mode 0
Event: 1406.102 Thread 0x000001b74b92f170 DEOPT PACKING pc=0x000001b702cae510 sp=0x000000a0cd5f9380
Event: 1406.102 Thread 0x000001b74b92f170 DEOPT UNPACKING pc=0x000001b7075886e2 sp=0x000000a0cd5f8c20 mode 0
Event: 1406.171 Thread 0x000001b74b92f170 DEOPT PACKING pc=0x000001b702cae586 sp=0x000000a0cd5f9330
Event: 1406.171 Thread 0x000001b74b92f170 DEOPT UNPACKING pc=0x000001b7075886e2 sp=0x000000a0cd5f8bd0 mode 0
Event: 1406.205 Thread 0x000001b74b92f170 DEOPT PACKING pc=0x000001b702cae586 sp=0x000000a0cd5f9330
Event: 1406.205 Thread 0x000001b74b92f170 DEOPT UNPACKING pc=0x000001b7075886e2 sp=0x000000a0cd5f8bd0 mode 0

Classes loaded (20 events):
Event: 1335.223 Loading class sun/rmi/transport/DGCImpl$1
Event: 1335.228 Loading class sun/rmi/transport/DGCImpl$1 done
Event: 1335.235 Loading class sun/rmi/transport/SequenceEntry
Event: 1335.235 Loading class sun/rmi/transport/SequenceEntry done
Event: 1335.987 Loading class java/util/IdentityHashMap$EntrySet
Event: 1335.988 Loading class java/util/IdentityHashMap$EntrySet done
Event: 1335.988 Loading class java/util/IdentityHashMap$EntrySpliterator
Event: 1335.988 Loading class java/util/IdentityHashMap$IdentityHashMapSpliterator
Event: 1335.989 Loading class java/util/IdentityHashMap$IdentityHashMapSpliterator done
Event: 1335.989 Loading class java/util/IdentityHashMap$EntrySpliterator done
Event: 1336.199 Loading class java/util/SortedSet$1
Event: 1336.199 Loading class java/util/SortedSet$1 done
Event: 1336.230 Loading class java/util/IdentityHashMap$ValueIterator
Event: 1336.231 Loading class java/util/IdentityHashMap$ValueIterator done
Event: 1342.648 Loading class java/nio/ShortBuffer
Event: 1342.649 Loading class java/nio/ShortBuffer done
Event: 1342.778 Loading class java/nio/ByteBufferAsShortBufferL
Event: 1342.779 Loading class java/nio/ByteBufferAsShortBufferL done
Event: 1342.857 Loading class java/util/zip/Adler32
Event: 1342.860 Loading class java/util/zip/Adler32 done

Classes unloaded (17 events):
Event: 185.036 Thread 0x000001b77f5cc890 Unloading class 0x000001b713280800 'java/lang/invoke/LambdaForm$DMH+0x000001b713280800'
Event: 1226.478 Thread 0x000001b77f5cc890 Unloading class 0x000001b7138e1800 'java/lang/invoke/LambdaForm$MH+0x000001b7138e1800'
Event: 1226.479 Thread 0x000001b77f5cc890 Unloading class 0x000001b7138e1400 'java/lang/invoke/LambdaForm$MH+0x000001b7138e1400'
Event: 1226.479 Thread 0x000001b77f5cc890 Unloading class 0x000001b7138e1000 'java/lang/invoke/LambdaForm$MH+0x000001b7138e1000'
Event: 1226.479 Thread 0x000001b77f5cc890 Unloading class 0x000001b7138e0c00 'java/lang/invoke/LambdaForm$MH+0x000001b7138e0c00'
Event: 1226.479 Thread 0x000001b77f5cc890 Unloading class 0x000001b7138e0800 'java/lang/invoke/LambdaForm$MH+0x000001b7138e0800'
Event: 1226.479 Thread 0x000001b77f5cc890 Unloading class 0x000001b7138d9c00 'java/lang/invoke/LambdaForm$MH+0x000001b7138d9c00'
Event: 1226.479 Thread 0x000001b77f5cc890 Unloading class 0x000001b7138d9800 'java/lang/invoke/LambdaForm$MH+0x000001b7138d9800'
Event: 1226.479 Thread 0x000001b77f5cc890 Unloading class 0x000001b7138d9400 'java/lang/invoke/LambdaForm$MH+0x000001b7138d9400'
Event: 1226.479 Thread 0x000001b77f5cc890 Unloading class 0x000001b7138d9000 'java/lang/invoke/LambdaForm$MH+0x000001b7138d9000'
Event: 1226.479 Thread 0x000001b77f5cc890 Unloading class 0x000001b7138d8c00 'java/lang/invoke/LambdaForm$MH+0x000001b7138d8c00'
Event: 1226.479 Thread 0x000001b77f5cc890 Unloading class 0x000001b7137d8400 'java/lang/invoke/LambdaForm$MH+0x000001b7137d8400'
Event: 1226.479 Thread 0x000001b77f5cc890 Unloading class 0x000001b7137d8000 'java/lang/invoke/LambdaForm$MH+0x000001b7137d8000'
Event: 1226.479 Thread 0x000001b77f5cc890 Unloading class 0x000001b7137c8800 'java/lang/invoke/LambdaForm$MH+0x000001b7137c8800'
Event: 1226.479 Thread 0x000001b77f5cc890 Unloading class 0x000001b7137c8400 'java/lang/invoke/LambdaForm$MH+0x000001b7137c8400'
Event: 1226.479 Thread 0x000001b77f5cc890 Unloading class 0x000001b7136dc800 'java/lang/invoke/LambdaForm$MH+0x000001b7136dc800'
Event: 1338.404 Thread 0x000001b77f5cc890 Unloading class 0x000001b713c7c000 'java/lang/invoke/LambdaForm$DMH+0x000001b713c7c000'

Classes redefined (0 events):
No events

Internal exceptions (20 events):
Event: 1361.655 Thread 0x000001b74cbbbf90 Exception <a 'sun/nio/fs/WindowsException'{0x000000072298ffd0}> (0x000000072298ffd0) 
thrown [s\src\hotspot\share\prims\jni.cpp, line 520]
Event: 1361.684 Thread 0x000001b74cbbbf90 Exception <a 'sun/nio/fs/WindowsException'{0x00000007229be458}> (0x00000007229be458) 
thrown [s\src\hotspot\share\prims\jni.cpp, line 520]
Event: 1368.301 Thread 0x000001b74cbbbf90 Exception <a 'sun/nio/fs/WindowsException'{0x000000072912d870}> (0x000000072912d870) 
thrown [s\src\hotspot\share\prims\jni.cpp, line 520]
Event: 1368.392 Thread 0x000001b74cbbbf90 Exception <a 'sun/nio/fs/WindowsException'{0x000000072914f488}> (0x000000072914f488) 
thrown [s\src\hotspot\share\prims\jni.cpp, line 520]
Event: 1368.460 Thread 0x000001b74cbbbf90 Exception <a 'sun/nio/fs/WindowsException'{0x000000072917e600}> (0x000000072917e600) 
thrown [s\src\hotspot\share\prims\jni.cpp, line 520]
Event: 1368.480 Thread 0x000001b74cbbbf90 Exception <a 'sun/nio/fs/WindowsException'{0x00000007291ac960}> (0x00000007291ac960) 
thrown [s\src\hotspot\share\prims\jni.cpp, line 520]
Event: 1374.001 Thread 0x000001b735bfc050 Implicit null exception at 0x000001b7086d1937 to 0x000001b7086d5840
Event: 1402.118 Thread 0x000001b74b92d0a0 Exception <a 'sun/nio/fs/WindowsException'{0x0000000747f629f8}> (0x0000000747f629f8) 
thrown [s\src\hotspot\share\prims\jni.cpp, line 520]
Event: 1403.295 Thread 0x000001b74b92f800 Exception <a 'sun/nio/fs/WindowsException'{0x000000072b406a00}> (0x000000072b406a00) 
thrown [s\src\hotspot\share\prims\jni.cpp, line 520]
Event: 1403.340 Thread 0x000001b74b92d0a0 Exception <a 'sun/nio/fs/WindowsException'{0x0000000747f83a38}> (0x0000000747f83a38) 
thrown [s\src\hotspot\share\prims\jni.cpp, line 520]
Event: 1403.640 Thread 0x000001b74b92f800 Exception <a 'sun/nio/fs/WindowsException'{0x000000072b435170}> (0x000000072b435170) 
thrown [s\src\hotspot\share\prims\jni.cpp, line 520]
Event: 1403.721 Thread 0x000001b74b92f800 Exception <a 'sun/nio/fs/WindowsException'{0x000000072b462f18}> (0x000000072b462f18) 
thrown [s\src\hotspot\share\prims\jni.cpp, line 520]
Event: 1403.910 Thread 0x000001b74cbbbf90 Exception <a 'sun/nio/fs/WindowsException'{0x0000000727e18b90}> (0x0000000727e18b90) 
thrown [s\src\hotspot\share\prims\jni.cpp, line 520]
Event: 1404.611 Thread 0x000001b74b92d0a0 Exception <a 'sun/nio/fs/WindowsException'{0x00000007ffcc9fe8}> (0x00000007ffcc9fe8) 
thrown [s\src\hotspot\share\prims\jni.cpp, line 520]
Event: 1404.686 Thread 0x000001b74b92f800 Exception <a 'sun/nio/fs/WindowsException'{0x00000007ffc052b0}> (0x00000007ffc052b0) 
thrown [s\src\hotspot\share\prims\jni.cpp, line 520]
Event: 1405.450 Thread 0x000001b74b92d0a0 Exception <a 'sun/nio/fs/WindowsException'{0x00000007ffcf7d90}> (0x00000007ffcf7d90) 
thrown [s\src\hotspot\share\prims\jni.cpp, line 520]
Event: 1405.582 Thread 0x000001b74b92f800 Exception <a 'sun/nio/fs/WindowsException'{0x00000007ffc33b50}> (0x00000007ffc33b50) 
thrown [s\src\hotspot\share\prims\jni.cpp, line 520]
Event: 1405.937 Thread 0x000001b74cbbbf90 Exception <a 'sun/nio/fs/WindowsException'{0x0000000730d134f8}> (0x0000000730d134f8) 
thrown [s\src\hotspot\share\prims\jni.cpp, line 520]
Event: 1406.128 Thread 0x000001b74b92f800 Exception <a 'sun/nio/fs/WindowsException'{0x00000007ffc61a40}> (0x00000007ffc61a40) 
thrown [s\src\hotspot\share\prims\jni.cpp, line 520]
Event: 1407.425 Thread 0x000001b74cbbbf90 Exception <a 'sun/nio/fs/WindowsException'{0x00000007fff98430}> (0x00000007fff98430) 
thrown [s\src\hotspot\share\prims\jni.cpp, line 520]

ZGC Phase Switch (0 events):
No events

VM Operations (20 events):
Event: 1396.703 Executing safepoint VM operation: G1CollectForAllocation (G1 Evacuation Pause) done
Event: 1397.430 Executing safepoint VM operation: G1PauseRemark
Event: 1399.242 Executing safepoint VM operation: G1PauseRemark done
Event: 1399.991 Executing safepoint VM operation: G1CollectForAllocation (G1 Evacuation Pause)
Event: 1400.537 Executing safepoint VM operation: G1CollectForAllocation (G1 Evacuation Pause) done
Event: 1401.298 Executing safepoint VM operation: G1CollectForAllocation (G1 Evacuation Pause)
Event: 1401.393 Executing safepoint VM operation: G1CollectForAllocation (G1 Evacuation Pause) done
Event: 1401.671 Executing safepoint VM operation: G1PauseCleanup
Event: 1401.689 Executing safepoint VM operation: G1PauseCleanup done
Event: 1402.702 Executing safepoint VM operation: Cleanup
Event: 1402.708 Executing safepoint VM operation: Cleanup done
Event: 1403.722 Executing safepoint VM operation: Cleanup
Event: 1403.740 Executing safepoint VM operation: Cleanup done
Event: 1404.267 Executing safepoint VM operation: G1CollectForAllocation (G1 Evacuation Pause)
Event: 1404.608 Executing safepoint VM operation: G1CollectForAllocation (G1 Evacuation Pause) done
Event: 1405.608 Executing safepoint VM operation: Cleanup
Event: 1405.815 Executing safepoint VM operation: Cleanup done
Event: 1406.236 Executing safepoint VM operation: G1CollectForAllocation (G1 Evacuation Pause)
Event: 1407.263 Executing safepoint VM operation: G1CollectForAllocation (G1 Evacuation Pause) done
Event: 1407.426 Executing safepoint VM operation: G1CollectForAllocation (G1 Evacuation Pause)

Memory protections (0 events):
No events

Nmethod flushes (20 events):
Event: 1397.958 Thread 0x000001b77f5cc890 flushing  nmethod 0x000001b701aee710
Event: 1397.958 Thread 0x000001b77f5cc890 flushing  nmethod 0x000001b701bc1c90
Event: 1397.958 Thread 0x000001b77f5cc890 flushing  nmethod 0x000001b701bc3890
Event: 1397.958 Thread 0x000001b77f5cc890 flushing  nmethod 0x000001b701bd6990
Event: 1397.958 Thread 0x000001b77f5cc890 flushing  nmethod 0x000001b701bd8e10
Event: 1397.958 Thread 0x000001b77f5cc890 flushing  nmethod 0x000001b701bee390
Event: 1397.958 Thread 0x000001b77f5cc890 flushing  nmethod 0x000001b701c6bc10
Event: 1397.958 Thread 0x000001b77f5cc890 flushing  nmethod 0x000001b701e5ec10
Event: 1397.958 Thread 0x000001b77f5cc890 flushing  nmethod 0x000001b701f8ac90
Event: 1397.958 Thread 0x000001b77f5cc890 flushing  nmethod 0x000001b701f8cb10
Event: 1397.958 Thread 0x000001b77f5cc890 flushing  nmethod 0x000001b702052710
Event: 1397.958 Thread 0x000001b77f5cc890 flushing  nmethod 0x000001b702d41a10
Event: 1397.958 Thread 0x000001b77f5cc890 flushing  nmethod 0x000001b702d44010
Event: 1397.958 Thread 0x000001b77f5cc890 flushing  nmethod 0x000001b702e9a110
Event: 1397.958 Thread 0x000001b77f5cc890 flushing  nmethod 0x000001b702ee8e90
Event: 1398.030 Thread 0x000001b77f5cc890 flushing  nmethod 0x000001b7030be390
Event: 1398.030 Thread 0x000001b77f5cc890 flushing  nmethod 0x000001b703196b90
Event: 1398.030 Thread 0x000001b77f5cc890 flushing  nmethod 0x000001b70319f590
Event: 1398.030 Thread 0x000001b77f5cc890 flushing  nmethod 0x000001b70328f290
Event: 1398.030 Thread 0x000001b77f5cc890 flushing  nmethod 0x000001b703466110

Events (20 events):
Event: 1332.621 Thread 0x000001b739d72970 Thread exited: 0x000001b739d72970
Event: 1333.413 Thread 0x000001b77f602ab0 Thread added: 0x000001b74a6ae630
Event: 1333.577 Thread 0x000001b74c2280b0 Thread added: 0x000001b739d72970
Event: 1333.607 Thread 0x000001b74c2280b0 Thread added: 0x000001b73599c7c0
Event: 1333.639 Thread 0x000001b74c2280b0 Thread added: 0x000001b7494b72e0
Event: 1333.700 Thread 0x000001b77f602ab0 Thread added: 0x000001b74a6b0840
Event: 1334.597 Thread 0x000001b74c2280b0 Thread added: 0x000001b74088e010
Event: 1334.598 Thread 0x000001b74c2280b0 Thread added: 0x000001b74088d2f0
Event: 1335.188 Thread 0x000001b74088e010 Thread added: 0x000001b7400e2bf0
Event: 1338.289 Thread 0x000001b749f7dda0 Thread exited: 0x000001b749f7dda0
Event: 1382.107 Thread 0x000001b74b92fe90 Thread exited: 0x000001b74b92fe90
Event: 1382.168 Thread 0x000001b74a6b0840 Thread exited: 0x000001b74a6b0840
Event: 1388.442 Thread 0x000001b74a6ae630 Thread exited: 0x000001b74a6ae630
Event: 1396.793 Thread 0x000001b77f5f69d0 Thread added: 0x000001b74af69ae0
Event: 1399.946 Thread 0x000001b749f7fe70 Thread exited: 0x000001b749f7fe70
Event: 1401.597 Thread 0x000001b77f5f69d0 Thread added: 0x000001b74af6a880
Event: 1405.333 Thread 0x000001b74af6a880 Thread exited: 0x000001b74af6a880
Event: 1405.905 Thread 0x000001b74af69ae0 Thread added: 0x000001b74af6b620
Event: 1406.051 Thread 0x000001b74af6b620 Thread exited: 0x000001b74af6b620
Event: 1406.217 Thread 0x000001b74af69ae0 Thread added: 0x000001b74af68d40


Dynamic libraries:
0x00007ff7d4d60000 - 0x00007ff7d4d6e000 	C:\Users\ppmak\.antigravity-ide\extensions\redhat.java-1.54.0-win32-x64\jre\21.0.10-win32-x86_64\bin\java.exe
0x00007ff8a68c0000 - 0x00007ff8a6b26000 	C:\WINDOWS\SYSTEM32\ntdll.dll
0x00007ff8a4ac0000 - 0x00007ff8a4b89000 	C:\WINDOWS\System32\KERNEL32.DLL
0x00007ff8a3c00000 - 0x00007ff8a3ffa000 	C:\WINDOWS\System32\KERNELBASE.dll
0x00007ff8a4000000 - 0x00007ff8a414c000 	C:\WINDOWS\System32\ucrtbase.dll
0x00007ff86e940000 - 0x00007ff86e95e000 	C:\Users\ppmak\.antigravity-ide\extensions\redhat.java-1.54.0-win32-x64\jre\21.0.10-win32-x86_64\bin\VCRUNTIME140.dll
0x00007ff86e790000 - 0x00007ff86e7a8000 	C:\Users\ppmak\.antigravity-ide\extensions\redhat.java-1.54.0-win32-x64\jre\21.0.10-win32-x86_64\bin\jli.dll
0x00007ff8a4830000 - 0x00007ff8a49f7000 	C:\WINDOWS\System32\USER32.dll
0x00007ff8a4480000 - 0x00007ff8a44a7000 	C:\WINDOWS\System32\win32u.dll
0x00007ff88b630000 - 0x00007ff88b8c2000 	C:\WINDOWS\WinSxS\amd64_microsoft.windows.common-controls_6595b64144ccf1df_6.0.26100.8521_none_3e08b75ce33403b3\COMCTL32.dll
0x00007ff8a6340000 - 0x00007ff8a63e9000 	C:\WINDOWS\System32\msvcrt.dll
0x00007ff8a55c0000 - 0x00007ff8a55eb000 	C:\WINDOWS\System32\GDI32.dll
0x00007ff8a4210000 - 0x00007ff8a433b000 	C:\WINDOWS\System32\gdi32full.dll
0x00007ff8a43d0000 - 0x00007ff8a4473000 	C:\WINDOWS\System32\msvcp_win.dll
0x00007ff8a47f0000 - 0x00007ff8a4822000 	C:\WINDOWS\System32\IMM32.DLL
0x00007ff884820000 - 0x00007ff88482c000 	C:\Users\ppmak\.antigravity-ide\extensions\redhat.java-1.54.0-win32-x64\jre\21.0.10-win32-x86_64\bin\vcruntime140_1.dll
0x00007ff8242a0000 - 0x00007ff82432d000 	C:\Users\ppmak\.antigravity-ide\extensions\redhat.java-1.54.0-win32-x64\jre\21.0.10-win32-x86_64\bin\msvcp140.dll
0x00007fffdd890000 - 0x00007fffde631000 	C:\Users\ppmak\.antigravity-ide\extensions\redhat.java-1.54.0-win32-x64\jre\21.0.10-win32-x86_64\bin\server\jvm.dll
0x00007ff8a57a0000 - 0x00007ff8a5856000 	C:\WINDOWS\System32\ADVAPI32.dll
0x00007ff8a5f50000 - 0x00007ff8a5ffa000 	C:\WINDOWS\System32\sechost.dll
0x00007ff8a6220000 - 0x00007ff8a6338000 	C:\WINDOWS\System32\RPCRT4.dll
0x00007ff8a5860000 - 0x00007ff8a58e0000 	C:\WINDOWS\System32\WS2_32.dll
0x00007ff88ae00000 - 0x00007ff88ae36000 	C:\WINDOWS\SYSTEM32\WINMM.dll
0x00007ff894690000 - 0x00007ff89469b000 	C:\WINDOWS\SYSTEM32\VERSION.dll
0x00007ff8a39d0000 - 0x00007ff8a3a2e000 	C:\WINDOWS\SYSTEM32\POWRPROF.dll
0x00007ff8a39b0000 - 0x00007ff8a39c4000 	C:\WINDOWS\SYSTEM32\UMPDC.dll
0x00007ff8a28c0000 - 0x00007ff8a28db000 	C:\WINDOWS\SYSTEM32\kernel.appcore.dll
0x00007ff87acd0000 - 0x00007ff87acda000 	C:\Users\ppmak\.antigravity-ide\extensions\redhat.java-1.54.0-win32-x64\jre\21.0.10-win32-x86_64\bin\jimage.dll
0x00007ff8a11f0000 - 0x00007ff8a1432000 	C:\WINDOWS\SYSTEM32\DBGHELP.DLL
0x00007ff8a64f0000 - 0x00007ff8a6873000 	C:\WINDOWS\System32\combase.dll
0x00007ff8a55f0000 - 0x00007ff8a56c9000 	C:\WINDOWS\System32\OLEAUT32.dll
0x00007ff885ec0000 - 0x00007ff885efb000 	C:\WINDOWS\SYSTEM32\dbgcore.DLL
0x00007ff8a3b50000 - 0x00007ff8a3bf8000 	C:\WINDOWS\System32\bcryptPrimitives.dll
0x00007ff86dd70000 - 0x00007ff86dd7f000 	C:\Users\ppmak\.antigravity-ide\extensions\redhat.java-1.54.0-win32-x64\jre\21.0.10-win32-x86_64\bin\instrument.dll
0x00007ff867180000 - 0x00007ff8671a0000 	C:\Users\ppmak\.antigravity-ide\extensions\redhat.java-1.54.0-win32-x64\jre\21.0.10-win32-x86_64\bin\java.dll
0x00007ff8a4da0000 - 0x00007ff8a5524000 	C:\WINDOWS\System32\SHELL32.dll
0x00007ff8a1700000 - 0x00007ff8a1f80000 	C:\WINDOWS\SYSTEM32\windows.storage.dll
0x00007ff8a63f0000 - 0x00007ff8a64e6000 	C:\WINDOWS\System32\SHCORE.dll
0x00007ff8a5730000 - 0x00007ff8a5797000 	C:\WINDOWS\System32\shlwapi.dll
0x00007ff8a3a70000 - 0x00007ff8a3a99000 	C:\WINDOWS\SYSTEM32\profapi.dll
0x00007ff866990000 - 0x00007ff8669a8000 	C:\Users\ppmak\.antigravity-ide\extensions\redhat.java-1.54.0-win32-x64\jre\21.0.10-win32-x86_64\bin\zip.dll
0x00007ff86fb00000 - 0x00007ff86fb10000 	C:\Users\ppmak\.antigravity-ide\extensions\redhat.java-1.54.0-win32-x64\jre\21.0.10-win32-x86_64\bin\net.dll
0x00007ff897160000 - 0x00007ff897289000 	C:\WINDOWS\SYSTEM32\WINHTTP.dll
0x00007ff8a2e50000 - 0x00007ff8a2ebc000 	C:\WINDOWS\system32\mswsock.dll
0x00007ff863520000 - 0x00007ff863536000 	C:\Users\ppmak\.antigravity-ide\extensions\redhat.java-1.54.0-win32-x64\jre\21.0.10-win32-x86_64\bin\nio.dll
0x00007ff867cc0000 - 0x00007ff867cd0000 	C:\Users\ppmak\.antigravity-ide\extensions\redhat.java-1.54.0-win32-x64\jre\21.0.10-win32-x86_64\bin\verify.dll
0x00007ff86fb40000 - 0x00007ff86fb67000 	C:\Users\ppmak\.gradle\native\660c5614fbf4a5f2a75b1949f50a0caf5cd603558e7d8a26e50b933a0cfb79d1\windows-amd64\native-platform.dll
0x00007ff83b310000 - 0x00007ff83b387000 	C:\Users\ppmak\.gradle\native\0.2.8\x86_64-windows-gnu\gradle-fileevents.dll
0x00007ff865f50000 - 0x00007ff865f5a000 	C:\Users\ppmak\.antigravity-ide\extensions\redhat.java-1.54.0-win32-x64\jre\21.0.10-win32-x86_64\bin\management.dll
0x00007ff8611f0000 - 0x00007ff8611fc000 	C:\Users\ppmak\.antigravity-ide\extensions\redhat.java-1.54.0-win32-x64\jre\21.0.10-win32-x86_64\bin\management_ext.dll
0x00007ff8a5d80000 - 0x00007ff8a5d88000 	C:\WINDOWS\System32\PSAPI.DLL
0x00007ff8a2290000 - 0x00007ff8a22c3000 	C:\WINDOWS\SYSTEM32\IPHLPAPI.DLL
0x00007ff8a5de0000 - 0x00007ff8a5dea000 	C:\WINDOWS\System32\NSI.dll
0x00007ff865f60000 - 0x00007ff865f69000 	C:\Users\ppmak\.antigravity-ide\extensions\redhat.java-1.54.0-win32-x64\jre\21.0.10-win32-x86_64\bin\extnet.dll
0x00007ff8a3130000 - 0x00007ff8a314b000 	C:\WINDOWS\SYSTEM32\CRYPTSP.dll
0x00007ff8a2820000 - 0x00007ff8a2859000 	C:\WINDOWS\system32\rsaenh.dll
0x00007ff8a2f00000 - 0x00007ff8a2f33000 	C:\WINDOWS\SYSTEM32\USERENV.dll
0x00007ff8a3a40000 - 0x00007ff8a3a6a000 	C:\WINDOWS\SYSTEM32\bcrypt.dll
0x00007ff8a3150000 - 0x00007ff8a315c000 	C:\WINDOWS\SYSTEM32\CRYPTBASE.dll
0x00007ff863020000 - 0x00007ff86302e000 	C:\Users\ppmak\.antigravity-ide\extensions\redhat.java-1.54.0-win32-x64\jre\21.0.10-win32-x86_64\bin\sunmscapi.dll
0x00007ff8a44b0000 - 0x00007ff8a4628000 	C:\WINDOWS\System32\CRYPT32.dll
0x00007ff8a3350000 - 0x00007ff8a3380000 	C:\WINDOWS\SYSTEM32\ncrypt.dll
0x00007ff8a3300000 - 0x00007ff8a333f000 	C:\WINDOWS\SYSTEM32\NTASN1.dll
0x00007ff89aba0000 - 0x00007ff89aba8000 	C:\WINDOWS\system32\wshunix.dll
0x00007ff8a2380000 - 0x00007ff8a24ca000 	C:\WINDOWS\SYSTEM32\DNSAPI.dll
0x00007ff8a2c50000 - 0x00007ff8a2c5d000 	C:\WINDOWS\SYSTEM32\DSPARSE.dll
0x00007ff895a30000 - 0x00007ff895a3b000 	C:\Windows\System32\rasadhlp.dll
0x00007ff895a40000 - 0x00007ff895ac6000 	C:\WINDOWS\System32\fwpuclnt.dll
0x00007ff870320000 - 0x00007ff870338000 	C:\WINDOWS\system32\napinsp.dll
0x00007ff870300000 - 0x00007ff870313000 	C:\WINDOWS\System32\winrnr.dll
0x00007ff885600000 - 0x00007ff885622000 	C:\WINDOWS\system32\nlansp_c.dll
0x00007ff896da0000 - 0x00007ff896db6000 	C:\WINDOWS\system32\wshbth.dll
0x00007ff8a2a00000 - 0x00007ff8a2a36000 	C:\WINDOWS\SYSTEM32\ntmarta.dll
0x00007ff8a08c0000 - 0x00007ff8a0960000 	C:\WINDOWS\system32\apphelp.dll
0x00007ff87dbe0000 - 0x00007ff87dbe7000 	C:\Users\ppmak\.antigravity-ide\extensions\redhat.java-1.54.0-win32-x64\jre\21.0.10-win32-x86_64\bin\rmi.dll

JVMTI agents:
C:\Users\ppmak\.gradle\wrapper\dists\gradle-9.3.1-bin\23ovyewtku6u96viwx3xl3oks\gradle-9.3.1\lib\agents\gradle-instrumentation-agent-9.3.1.jar path:C:\Users\ppmak\.antigravity-ide\extensions\redhat.java-1.54.0-win32-x64\jre\21.0.10-win32-x86_64\bin\instrument.dll, loaded, initialized, instrumentlib options:none

dbghelp: loaded successfully - version: 4.0.5 - missing functions: none
symbol engine: initialized successfully - sym options: 0x614 - pdb path: .;C:\Users\ppmak\.antigravity-ide\extensions\redhat.java-1.54.0-win32-x64\jre\21.0.10-win32-x86_64\bin;C:\WINDOWS\SYSTEM32;C:\WINDOWS\WinSxS\amd64_microsoft.windows.common-controls_6595b64144ccf1df_6.0.26100.8521_none_3e08b75ce33403b3;C:\Users\ppmak\.antigravity-ide\extensions\redhat.java-1.54.0-win32-x64\jre\21.0.10-win32-x86_64\bin\server;C:\Users\ppmak\.gradle\native\660c5614fbf4a5f2a75b1949f50a0caf5cd603558e7d8a26e50b933a0cfb79d1\windows-amd64;C:\Users\ppmak\.gradle\native\0.2.8\x86_64-windows-gnu

VM Arguments:
jvm_args: --add-opens=java.base/java.lang=ALL-UNNAMED --add-opens=java.base/java.lang.invoke=ALL-UNNAMED --add-opens=java.base/java.util=ALL-UNNAMED --add-opens=java.prefs/java.util.prefs=ALL-UNNAMED --add-exports=jdk.compiler/com.sun.tools.javac.api=ALL-UNNAMED --add-exports=jdk.compiler/com.sun.tools.javac.util=ALL-UNNAMED --add-opens=java.base/java.util=ALL-UNNAMED --add-opens=java.prefs/java.util.prefs=ALL-UNNAMED --add-opens=java.base/java.nio.charset=ALL-UNNAMED --add-opens=java.base/java.net=ALL-UNNAMED --add-opens=java.base/java.util.concurrent=ALL-UNNAMED --add-opens=java.base/java.util.concurrent.atomic=ALL-UNNAMED --add-opens=java.xml/javax.xml.namespace=ALL-UNNAMED --add-opens=java.base/java.time=ALL-UNNAMED -XX:MaxMetaspaceSize=512m -Xmx4096m -Dfile.encoding=UTF-8 -Duser.country=GB -Duser.language=en -Duser.variant -javaagent:C:\Users\ppmak\.gradle\wrapper\dists\gradle-9.3.1-bin\23ovyewtku6u96viwx3xl3oks\gradle-9.3.1\lib\agents\gradle-instrumentation-agent-9.3.1.jar 
java_command: org.gradle.launcher.daemon.bootstrap.GradleDaemon 9.3.1
java_class_path (initial): C:\Users\ppmak\.gradle\wrapper\dists\gradle-9.3.1-bin\23ovyewtku6u96viwx3xl3oks\gradle-9.3.1\lib\gradle-daemon-main-9.3.1.jar
Launcher Type: SUN_STANDARD

[Global flags]
     intx CICompilerCount                          = 4                                         {product} {ergonomic}
   size_t CompressedClassSpaceSize                 = 436207616                                 {product} {ergonomic}
     uint ConcGCThreads                            = 2                                         {product} {ergonomic}
     uint G1ConcRefinementThreads                  = 8                                         {product} {ergonomic}
   size_t G1HeapRegionSize                         = 2097152                                   {product} {ergonomic}
    uintx GCDrainStackTargetSize                   = 64                                        {product} {ergonomic}
   size_t InitialHeapSize                          = 130023424                                 {product} {ergonomic}
   size_t MarkStackSize                            = 4194304                                   {product} {ergonomic}
   size_t MaxHeapSize                              = 4294967296                                {product} {command line}
   size_t MaxMetaspaceSize                         = 536870912                                 {product} {command line}
   size_t MaxNewSize                               = 2575302656                                {product} {ergonomic}
   size_t MinHeapDeltaBytes                        = 2097152                                   {product} {ergonomic}
   size_t MinHeapSize                              = 8388608                                   {product} {ergonomic}
    uintx NonNMethodCodeHeapSize                   = 5839372                                {pd product} {ergonomic}
    uintx NonProfiledCodeHeapSize                  = 122909434                              {pd product} {ergonomic}
    uintx ProfiledCodeHeapSize                     = 122909434                              {pd product} {ergonomic}
    uintx ReservedCodeCacheSize                    = 251658240                              {pd product} {ergonomic}
     bool SegmentedCodeCache                       = true                                      {product} {ergonomic}
   size_t SoftMaxHeapSize                          = 4294967296                             {manageable} {ergonomic}
     bool UseCompressedOops                        = true                           {product lp64_product} {ergonomic}
     bool UseG1GC                                  = true                                      {product} {ergonomic}
     bool UseLargePagesIndividualAllocation        = false                                  {pd product} {ergonomic}

Logging:
Log output configuration:
 #0: stdout all=warning uptime,level,tags foldmultilines=false
 #1: stderr all=off uptime,level,tags foldmultilines=false

Release file:
JAVA_VERSION="21.0.10" 
MODULES="java.base java.compiler java.datatransfer java.xml java.prefs java.desktop java.instrument java.logging java.management java.security.sasl java.naming java.rmi java.management.rmi java.net.http java.scripting java.security.jgss java.transaction.xa java.sql java.sql.rowset java.xml.crypto java.se java.smartcardio jdk.accessibility jdk.internal.jvmstat jdk.attach jdk.charsets jdk.internal.opt jdk.zipfs jdk.compiler jdk.crypto.ec jdk.crypto.cryptoki jdk.crypto.mscapi jdk.dynalink jdk.internal.ed jdk.editpad jdk.hotspot.agent jdk.httpserver jdk.internal.le jdk.internal.vm.ci jdk.internal.vm.compiler jdk.internal.vm.compiler.management jdk.jartool jdk.javadoc jdk.jcmd jdk.management jdk.management.agent jdk.jconsole jdk.jdeps jdk.jdwp.agent jdk.jdi jdk.jfr jdk.jshell jdk.jsobject jdk.jstatd jdk.localedata jdk.management.jfr jdk.naming.dns jdk.naming.rmi jdk.net jdk.nio.mapmode jdk.random jdk.sctp jdk.security.auth jdk.security.jgss jdk.unsupported jdk.unsupported.desktop jdk.xml.dom" 

Environment Variables:
CLASSPATH=c:\Users\ppmak\.antigravity-ide\extensions\vscjava.vscode-gradle-3.17.3-universal\lib\gradle-server.jar
PATH=C:\Program Files\Common Files\Oracle\Java\javapath;C:\WINDOWS\system32;C:\WINDOWS;C:\WINDOWS\System32\Wbem;C:\WINDOWS\System32\WindowsPowerShell\v1.0\;C:\WINDOWS\System32\OpenSSH\;C:\Program Files\Microsoft VS Code\bin;C:\Program Files\Java\jdk-24\bin;C:\Program Files\poppler\poppler-25.12.0\Library\bin;C:\ProgramData\chocolatey\bin;C:\Program Files\Git\cmd;C:\Program Files\nodejs\;C:\Users\ppmak\AppData\Local\Programs\Python\Launcher\;C:\Program Files\MySQL\MySQL Shell 8.0\bin\;C:\Users\ppmak\AppData\Local\Microsoft\WindowsApps;C:\Users\ppmak\Downloads\pypy3.10-v7.3.16-win64;C:\MinGW\bin;C:\Users\ppmak\AppData\Local\Programs\Microsoft VS Code\bin;C:\Users\ppmak\AppData\Local\Microsoft\WinGet\Packages\Gyan.FFmpeg_Microsoft.Winget.Source_8wekyb3d8bbwe\ffmpeg-8.0.1-full_build\bin;C:\Users\ppmak\AppData\Roaming\npm;C:\Users\ppmak\AppData\Local\Programs\Antigravity IDE\bin
USERNAME=ppmak
OS=Windows_NT
PROCESSOR_IDENTIFIER=Intel64 Family 6 Model 126 Stepping 5, GenuineIntel
TMP=C:\Users\ppmak\AppData\Local\Temp
TEMP=C:\Users\ppmak\AppData\Local\Temp




Periodic native trim disabled

---------------  S Y S T E M  ---------------

OS:
 Windows 11 , 64 bit Build 26100 (10.0.26100.8521)
OS uptime: 0 days 11:50 hours
Hyper-V role detected

CPU: total 8 (initial active 8) (4 cores per cpu, 2 threads per core) family 6 model 126 stepping 5 microcode 0xbc, cx8, cmov, fxsr, ht, mmx, 3dnowpref, sse, sse2, sse3, ssse3, sse4.1, sse4.2, popcnt, lzcnt, tsc, tscinvbit, avx, avx2, aes, erms, clmul, bmi1, bmi2, adx, avx512f, avx512dq, avx512cd, avx512bw, avx512vl, sha, fma, vzeroupper, avx512_vpopcntdq, avx512_vpclmulqdq, avx512_vaes, avx512_vnni, clflush, clflushopt, avx512_vbmi2, avx512_vbmi, hv, rdtscp, rdpid, fsrm, gfni, avx512_bitalg, f16c, avx512_ifma
Processor Information for the first 8 processors :
  Max Mhz: 1501, Current Mhz: 1501, Mhz Limit: 1501

Memory: 4k page, system-wide physical 7879M (673M free)
TotalPageFile size 21214M (AvailPageFile size 1135M)
current process WorkingSet (physical memory assigned to process): 1228M, peak: 1296M
current process commit charge ("private bytes"): 1918M, peak: 2988M

vm_info: OpenJDK 64-Bit Server VM (21.0.10+7-LTS) for windows-amd64 JRE (21.0.10+7-LTS), built on 2026-01-20T00:00:00Z by "admin" with MS VC++ 17.12 (VS2022)

END.
